Abkhazian,阿布哈兹语,布卡_文,noun,语言名称，界面中称语不称文,,,,,,,,,,,,,,,,,,,,,
Afar,阿法尔,阿法文,noun,语言名称，界面中称语不称文,,,,,,,,,,,,,,,,,,,,,
Afrikaans,南非荷兰语,南非荷m文,noun,语言名称，界面中称语不称文,,,,,,,,,,,,,,,,,,,,,
Akan,阿寒语,阿寒文,noun,语言名称，界面中称语不称文,,,,,,,,,,,,,,,,,,,,,
Albanian,阿尔巴尼亚语,阿巴尼文,noun,语言名称，界面中称语不称文,,,,,,,,,,,,,,,,,,,,,
Amharic,阿姆哈拉语,阿姆哈拉文,noun,语言名称，界面中称语不称文,,,,,,,,,,,,,,,,,,,,,
Arabic,阿拉伯语,阿拉伯文,noun,语言名称，界面中称语不称文,,,,,,,,,,,,,,,,,,,,,
Aragonese,阿拉贡语,拉文,noun,语言名称，界面中称语不称文,,,,,,,,,,,,,,,,,,,,,
Armenian,亚美尼亚语,美尼文,noun,语言名称，界面中称语不称文,,,,,,,,,,,,,,,,,,,,,
Assamese,阿萨姆语,阿_姆文,noun,语言名称，界面中称语不称文,,,,,,,,,,,,,,,,,,,,,
Avaric,阿瓦里克,阿瓦文,noun,语言名称，界面中称语不称文,,,,,,,,,,,,,,,,,,,,,
Avestan,阿维斯坦语,阿S斯塔文,noun,语言名称，界面中称语不称文,,,,,,,,,,,,,,,,,,,,,
Aymara,艾马拉语,艾R拉文,noun,语言名称，界面中称语不称文,,,,,,,,,,,,,,,,,,,,,
Azerbaijani,阿塞拜疆语,塞拜然文,noun,语言名称，界面中称语不称文,,,,,,,,,,,,,,,,,,,,,
Bambara,班巴拉语,班巴拉文,noun,语言名称，界面中称语不称文,,,,,,,,,,,,,,,,,,,,,
Bashkir,巴什基尔语,巴什喀文,noun,语言名称，界面中称语不称文,,,,,,,,,,,,,,,,,,,,,
Basque,巴斯克语,巴斯克文,noun,语言名称，界面中称语不称文,,,,,,,,,,,,,,,,,,,,,
Belarusian,白俄罗斯语,白_斯文,noun,语言名称，界面中称语不称文,,,,,,,,,,,,,,,,,,,,,
Bengali,孟加拉国语,孟加拉文,noun,语言名称，界面中称语不称文,,,,,,,,,,,,,,,,,,,,,
Bengali (Bangladesh),孟加拉国语（孟加拉国）,孟加拉文 (孟加拉),noun,语言名称，界面中称语不称文,,,,,,,,,,,,,,,,,,,,,
Bihari,比哈里语,比哈文,noun,语言名称，界面中称语不称文,,,,,,,,,,,,,,,,,,,,,
Bislama,比斯拉马语,比斯拉R文,noun,语言名称，界面中称语不称文,,,,,,,,,,,,,,,,,,,,,
Bosnian,波斯尼亚语,波士尼文,noun,语言名称，界面中称语不称文,,,,,,,,,,,,,,,,,,,,,
Breton,布列塔尼,布里敦文,noun,语言名称，界面中称语不称文,,,,,,,,,,,,,,,,,,,,,
Bulgarian,保加利亚语,保加利文,noun,语言名称，界面中称语不称文,,,,,,,,,,,,,,,,,,,,,
Burmese,缅甸语,甸文,noun,语言名称，界面中称语不称文,,,,,,,,,,,,,,,,,,,,,
Cambodian,柬埔寨语,柬埔寨文,noun,语言名称，界面中称语不称文,,,,,,,,,,,,,,,,,,,,,
Catalan,加泰罗尼亚语,加泰_尼文,noun,语言名称，界面中称语不称文,,,,,,,,,,,,,,,,,,,,,
Cebuano,宿务语,宿F文,noun,语言名称，界面中称语不称文,,,,,,,,,,,,,,,,,,,,,
Central Kurdish,中库尔德语,中部斓挛,noun,语言名称，界面中称语不称文,,,,,,,,,,,,,,,,,,,,,
Chamorro,查莫罗语,查莫_文,noun,语言名称，界面中称语不称文,,,,,,,,,,,,,,,,,,,,,
Chechen,车臣语,臣文,noun,语言名称，界面中称语不称文,,,,,,,,,,,,,,,,,,,,,
Chichewa,齐切瓦语,R切瓦文,noun,语言名称，界面中称语不称文,,,,,,,,,,,,,,,,,,,,,
Chinese,中文,中文,noun,语言名称，界面中称语不称文,,,,,,,,,,,,,,,,,,,,,
Chinese (China),中文 (中国),中文 (中),noun,语言名称，界面中称语不称文,,,,,,,,,,,,,,,,,,,,,
Chinese (Hong Kong),中文 (香港),中文 (香港),noun,语言名称，界面中称语不称文,,,,,,,,,,,,,,,,,,,,,
Chinese (Taiwan),中文 (中国),中文 (台),noun,语言名称，界面中称语不称文,,,,,,,,,,,,,,,,,,,,,
Church Slavic,古教会斯拉夫语,古教斯拉夫文,noun,语言名称，界面中称语不称文,,,,,,,,,,,,,,,,,,,,,
Chuvash,楚瓦什语,楚瓦什文,noun,语言名称，界面中称语不称文,,,,,,,,,,,,,,,,,,,,,
CJK Decimal,中日韩文小数,中日n文小,noun,语言名称，界面中称语不称文,,,,,,,,,,,,,,,,,,,,,
CJK Ideographic,中日韩表意字符,中日n表意字元,noun,语言名称，界面中称语不称文,,,,,,,,,,,,,,,,,,,,,
Cornish,康沃尔语,康沃耳文,noun,语言名称，界面中称语不称文,,,,,,,,,,,,,,,,,,,,,
Corsican,科西嘉语,科西嘉文,noun,语言名称，界面中称语不称文,,,,,,,,,,,,,,,,,,,,,
Cree,克里语,克里文,noun,语言名称，界面中称语不称文,,,,,,,,,,,,,,,,,,,,,
Croatian,克罗地亚语,克_埃西文,noun,语言名称，界面中称语不称文,,,,,,,,,,,,,,,,,,,,,
Czech,捷克语,捷克文,noun,语言名称，界面中称语不称文,,,,,,,,,,,,,,,,,,,,,
Danish,丹麦语,丹文,noun,语言名称，界面中称语不称文,,,,,,,,,,,,,,,,,,,,,
Dhivehi,迪维希语,迪培希文,noun,语言名称，界面中称语不称文,,,,,,,,,,,,,,,,,,,,,
Divehi,迪维希语,迪S西文,noun,语言名称，界面中称语不称文,,,,,,,,,,,,,,,,,,,,,
Dutch,荷兰语,荷m文,noun,语言名称，界面中称语不称文,,,,,,,,,,,,,,,,,,,,,
Dutch (Belgium),荷兰语（比利时）,荷m文 (比利r),noun,语言名称，界面中称语不称文,,,,,,,,,,,,,,,,,,,,,
Dutch (Formal),荷兰语（正式）,荷m文 (正式),noun,语言名称，界面中称语不称文,,,,,,,,,,,,,,,,,,,,,
Dzongkha,宗卡语,宗卡文,noun,语言名称，界面中称语不称文,,,,,,,,,,,,,,,,,,,,,
English,英语,英文,noun,语言名称，界面中称语不称文,,,,,,,,,,,,,,,,,,,,,
English (Australia),英语（澳大利亚）,英文 (澳大利),noun,语言名称，界面中称语不称文,,,,,,,,,,,,,,,,,,,,,
English (Canada),英语（加拿大）,英文 (加拿大),noun,语言名称，界面中称语不称文,,,,,,,,,,,,,,,,,,,,,
English (New Zealand),英语（新西兰）,英文 (~西m),noun,语言名称，界面中称语不称文,,,,,,,,,,,,,,,,,,,,,
English (South Africa),英语（南非）,英文 (南非),noun,语言名称，界面中称语不称文,,,,,,,,,,,,,,,,,,,,,
English (UK),英语（英国）,英文 (英),noun,语言名称，界面中称语不称文,,,,,,,,,,,,,,,,,,,,,
English (United States),美国英语）,英文 (美),noun,语言名称，界面中称语不称文,,,,,,,,,,,,,,,,,,,,,
Esperanto,世界语,世界文,noun,语言名称，界面中称语不称文,,,,,,,,,,,,,,,,,,,,,
Estonian,爱沙尼亚语,凵衬文,noun,语言名称，界面中称语不称文,,,,,,,,,,,,,,,,,,,,,
Ethiopic,埃塞俄比亚,衣索比文,noun,语言名称，界面中称语不称文,,,,,,,,,,,,,,,,,,,,,
Ewe,埃维语,埃S文,noun,语言名称，界面中称语不称文,,,,,,,,,,,,,,,,,,,,,
Faroese,法罗语,法_文,noun,语言名称，界面中称语不称文,,,,,,,,,,,,,,,,,,,,,
Fijian,斐济语,斐文,noun,语言名称，界面中称语不称文,,,,,,,,,,,,,,,,,,,,,
Finnish,芬兰语,芬m文,noun,语言名称，界面中称语不称文,,,,,,,,,,,,,,,,,,,,,
French,法语,法文,noun,语言名称，界面中称语不称文,,,,,,,,,,,,,,,,,,,,,
French (Belgium),法语（比利时）,法文 (比利r),noun,语言名称，界面中称语不称文,,,,,,,,,,,,,,,,,,,,,
French (Canada),法语（加拿大）,法文 (加拿大),noun,语言名称，界面中称语不称文,,,,,,,,,,,,,,,,,,,,,
French (France),法语（法国）,法文 (法),noun,语言名称，界面中称语不称文,,,,,,,,,,,,,,,,,,,,,
Frisian,弗里斯兰语,夫里斯m文,noun,语言名称，界面中称语不称文,,,,,,,,,,,,,,,,,,,,,
Friulian,弗留利语,佛e跹e文,noun,语言名称，界面中称语不称文,,,,,,,,,,,,,,,,,,,,,
Fulah,富拉赫语,富拉赫文,noun,语言名称，界面中称语不称文,,,,,,,,,,,,,,,,,,,,,
Gaelic,盖尔语,w文,noun,语言名称，界面中称语不称文,,,,,,,,,,,,,,,,,,,,,
Galician,加利西亚语,加里西文,noun,语言名称，界面中称语不称文,,,,,,,,,,,,,,,,,,,,,
Ganda,干达语,干_文,noun,语言名称，界面中称语不称文,,,,,,,,,,,,,,,,,,,,,
Georgian,格鲁吉亚语,讨文,noun,语言名称，界面中称语不称文,,,,,,,,,,,,,,,,,,,,,
German,德语,德文,noun,语言名称，界面中称语不称文,,,,,,,,,,,,,,,,,,,,,
German (Austria),德语（奥地利）,德文 (W地利),noun,语言名称，界面中称语不称文,,,,,,,,,,,,,,,,,,,,,
German (Formal),德语（正式）,德文 (正式),noun,语言名称，界面中称语不称文,,,,,,,,,,,,,,,,,,,,,
German (Switzerland),德语（瑞士）,德文 (瑞士),noun,语言名称，界面中称语不称文,,,,,,,,,,,,,,,,,,,,,
"German (Switzerland, Informal)",德语（瑞士，非正式）,德文 (瑞士，非正式),noun,语言名称，界面中称语不称文,,,,,,,,,,,,,,,,,,,,,
Greek,希腊语,希D文,noun,语言名称，界面中称语不称文,,,,,,,,,,,,,,,,,,,,,
Guarani,瓜拉尼语,瓜拉尼文,noun,语言名称，界面中称语不称文,,,,,,,,,,,,,,,,,,,,,
Gujarati,古吉拉特语,古吉拉特文,noun,语言名称，界面中称语不称文,,,,,,,,,,,,,,,,,,,,,
Gurmukhi,果鲁穆奇文,果穆奇文,noun,语言名称，界面中称语不称文,,,,,,,,,,,,,,,,,,,,,
Haitian,海地语,海地克YW文,noun,语言名称，界面中称语不称文,,,,,,,,,,,,,,,,,,,,,
Hangul,韩文,n文,noun,语言名称，界面中称语不称文,,,,,,,,,,,,,,,,,,,,,
Hangul Consonant,韩文辅音,n文 (子音),noun,语言名称，界面中称语不称文,,,,,,,,,,,,,,,,,,,,,
Hausa,豪萨语,豪沙文,noun,语言名称，界面中称语不称文,,,,,,,,,,,,,,,,,,,,,
Hawaiian,夏威夷语,夏威夷文,noun,语言名称，界面中称语不称文,,,,,,,,,,,,,,,,,,,,,
Hazaragi,哈扎拉吉语,哈撒拉基文,noun,语言名称，界面中称语不称文,,,,,,,,,,,,,,,,,,,,,
Hebrew,希伯来语,希伯砦,noun,语言名称，界面中称语不称文,,,,,,,,,,,,,,,,,,,,,
Herero,赫雷罗语,赫雷_文,noun,语言名称，界面中称语不称文,,,,,,,,,,,,,,,,,,,,,
Hindi,印地语,印度文,noun,语言名称，界面中称语不称文,,,,,,,,,,,,,,,,,,,,,
Hindi (Devanagari),印地语（梵文）,印度文 (梵文字母),noun,语言名称，界面中称语不称文,,,,,,,,,,,,,,,,,,,,,
Hiragana,日文平假名,日文平假名,noun,语言名称，界面中称语不称文,,,,,,,,,,,,,,,,,,,,,
Hiragana-Iroha,日文平假名 (伊吕波歌),日文平假名 (伊尾ǜ),noun,语言名称，界面中称语不称文,,,,,,,,,,,,,,,,,,,,,
Hiri Motu,希里莫图语,希里莫D文,noun,语言名称，界面中称语不称文,,,,,,,,,,,,,,,,,,,,,
Hmong,苗语,白苗文,noun,语言名称，界面中称语不称文,,,,,,,,,,,,,,,,,,,,,
Hungarian,匈牙利语,匈牙利文,noun,语言名称，界面中称语不称文,,,,,,,,,,,,,,,,,,,,,
Icelandic,冰岛语,冰u文,noun,语言名称，界面中称语不称文,,,,,,,,,,,,,,,,,,,,,
Ido,伊多语,伊多文,noun,语言名称，界面中称语不称文,,,,,,,,,,,,,,,,,,,,,
Igbo,伊博语,伊布文,noun,语言名称，界面中称语不称文,,,,,,,,,,,,,,,,,,,,,
Indonesian,印度尼西亚,印尼文,noun,语言名称，界面中称语不称文,,,,,,,,,,,,,,,,,,,,,
Interlingua (International Auxiliary Language Association),人造语（国际辅助语言协会）,人工H文 (Ho助Zf),noun,语言名称，界面中称语不称文,,,,,,,,,,,,,,,,,,,,,
Interlingue,人造语,人工H文,noun,语言名称，界面中称语不称文,,,,,,,,,,,,,,,,,,,,,
Inuktitut,因纽特语,依奴提D特文,noun,语言名称，界面中称语不称文,,,,,,,,,,,,,,,,,,,,,
Inupiaq,伊努皮克语,伊努特文,noun,语言名称，界面中称语不称文,,,,,,,,,,,,,,,,,,,,,
Irish,爱尔兰语,m文,noun,语言名称，界面中称语不称文,,,,,,,,,,,,,,,,,,,,,
Italian,意大利语,x大利文,noun,语言名称，界面中称语不称文,,,,,,,,,,,,,,,,,,,,,
Japanese,日语,日文,noun,语言名称，界面中称语不称文,,,,,,,,,,,,,,,,,,,,,
Japanese Formal,日语正式,日文 (正式),noun,语言名称，界面中称语不称文,,,,,,,,,,,,,,,,,,,,,
Japanese Informal,日语非正式,日文 (口Z),noun,语言名称，界面中称语不称文,,,,,,,,,,,,,,,,,,,,,
Javanese,爪哇语,爪哇文,noun,语言名称，界面中称语不称文,,,,,,,,,,,,,,,,,,,,,
Kabyle,卡比尔语,卡拜文,noun,语言名称，界面中称语不称文,,,,,,,,,,,,,,,,,,,,,
Kalaallisut,格陵兰语,格陵m文,noun,语言名称，界面中称语不称文,,,,,,,,,,,,,,,,,,,,,
Kannada,卡纳达语,坎那_文,noun,语言名称，界面中称语不称文,,,,,,,,,,,,,,,,,,,,,
Kanuri,卡努里语,卡努里文,noun,语言名称，界面中称语不称文,,,,,,,,,,,,,,,,,,,,,
Kartuli,格鲁吉亚语,讨文,noun,语言名称，界面中称语不称文,,,,,,,,,,,,,,,,,,,,,
Kashmiri,克什米尔,喀什米文,noun,语言名称，界面中称语不称文,,,,,,,,,,,,,,,,,,,,,
Katakana,日文片假名,日文片假名,noun,语言名称，界面中称语不称文,,,,,,,,,,,,,,,,,,,,,
Katakana-Iroha,日文片假名 (伊吕波歌),日文片假名 (伊尾ǜ),noun,语言名称，界面中称语不称文,,,,,,,,,,,,,,,,,,,,,
Kazakh,哈萨克语,哈_克文,noun,语言名称，界面中称语不称文,,,,,,,,,,,,,,,,,,,,,
Khmer,高棉语,高棉文,noun,语言名称，界面中称语不称文,,,,,,,,,,,,,,,,,,,,,
Kikuyu,基库尤语,吉煊任,noun,语言名称，界面中称语不称文,,,,,,,,,,,,,,,,,,,,,
Kinyarwanda,卢旺达语,金Pf答文,noun,语言名称，界面中称语不称文,,,,,,,,,,,,,,,,,,,,,
Kirghiz,吉尔吉斯语,柯克孜文,noun,语言名称，界面中称语不称文,,,,,,,,,,,,,,,,,,,,,
Kirundi,基隆迪,科隆地文,noun,语言名称，界面中称语不称文,,,,,,,,,,,,,,,,,,,,,
Komi,科米语,科米文,noun,语言名称，界面中称语不称文,,,,,,,,,,,,,,,,,,,,,
Kongo,刚果语,果文,noun,语言名称，界面中称语不称文,,,,,,,,,,,,,,,,,,,,,
Korean,韩语,n文,noun,语言名称，界面中称语不称文,,,,,,,,,,,,,,,,,,,,,
Korean Hangul Formal,韩国韩语 (正式),nn文 (正式),noun,语言名称，界面中称语不称文,,,,,,,,,,,,,,,,,,,,,
Korean Hanja Formal,韩国汉字 (正式),nh字 (正式),noun,语言名称，界面中称语不称文,,,,,,,,,,,,,,,,,,,,,
Korean Hanja Informal,韩国汉字 (口语),nh字 (口Z),noun,语言名称，界面中称语不称文,,,,,,,,,,,,,,,,,,,,,
Kurdish,库尔德,斓挛,noun,语言名称，界面中称语不称文,,,,,,,,,,,,,,,,,,,,,
Kurdish (Sorani),库尔德语（索拉尼语）,斓挛 (索拉尼),noun,语言名称，界面中称语不称文,,,,,,,,,,,,,,,,,,,,,
Kwanyama,宽亚马,克f文,noun,语言名称，界面中称语不称文,,,,,,,,,,,,,,,,,,,,,
Lao,寮语,寮文,noun,语言名称，界面中称语不称文,,,,,,,,,,,,,,,,,,,,,
Laotian,老挝语,寮文,noun,语言名称，界面中称语不称文,,,,,,,,,,,,,,,,,,,,,
Latin,拉丁语,拉丁文,noun,语言名称，界面中称语不称文,,,,,,,,,,,,,,,,,,,,,
Latvian,拉脱维亚语,拉S文,noun,语言名称，界面中称语不称文,,,,,,,,,,,,,,,,,,,,,
Limburgish,林堡语,林堡文,noun,语言名称，界面中称语不称文,,,,,,,,,,,,,,,,,,,,,
Lingala,林加拉语,林格拉文,noun,语言名称，界面中称语不称文,,,,,,,,,,,,,,,,,,,,,
Lithuanian,立陶宛语,立陶宛文,noun,语言名称，界面中称语不称文,,,,,,,,,,,,,,,,,,,,,
Lower Alpha/Latin,小写拉丁字符,小拉丁字元,noun,语言名称，界面中称语不称文,,,,,,,,,,,,,,,,,,,,,
Lower Armenian,小写亚美尼亚语,小美尼文,noun,语言名称，界面中称语不称文,,,,,,,,,,,,,,,,,,,,,
Lower Greek,小写希腊字母,小希D字母,noun,语言名称，界面中称语不称文,,,,,,,,,,,,,,,,,,,,,
Lower Roman,下罗马语,小_R底,noun,语言名称，界面中称语不称文,,,,,,,,,,,,,,,,,,,,,
Lower Sorbian,下索布语,下索布文,noun,语言名称，界面中称语不称文,,,,,,,,,,,,,,,,,,,,,
Luba-Katanga,卢巴卡丹加语,R巴卡丹加文,noun,语言名称，界面中称语不称文,,,,,,,,,,,,,,,,,,,,,
Luxembourgish,卢森堡语,R森堡文,noun,语言名称，界面中称语不称文,,,,,,,,,,,,,,,,,,,,,
Macedonian,马其顿语,R其D文,noun,语言名称，界面中称语不称文,,,,,,,,,,,,,,,,,,,,,
Malagasy,马尔加什,R_加斯加文,noun,语言名称，界面中称语不称文,,,,,,,,,,,,,,,,,,,,,
Malay,马来语,R砦,noun,语言名称，界面中称语不称文,,,,,,,,,,,,,,,,,,,,,
Malayalam,马拉雅拉姆语,R拉姆文,noun,语言名称，界面中称语不称文,,,,,,,,,,,,,,,,,,,,,
Maltese,马耳他语,R他文,noun,语言名称，界面中称语不称文,,,,,,,,,,,,,,,,,,,,,
Manx,曼岛语,曼u文,noun,语言名称，界面中称语不称文,,,,,,,,,,,,,,,,,,,,,
Maori,毛利语,毛利文,noun,语言名称，界面中称语不称文,,,,,,,,,,,,,,,,,,,,,
Marathi,马拉地语,R拉提文,noun,语言名称，界面中称语不称文,,,,,,,,,,,,,,,,,,,,,
Marshallese,马绍尔语,RB文,noun,语言名称，界面中称语不称文,,,,,,,,,,,,,,,,,,,,,
Mongolian,蒙古文,蒙古文,noun,语言名称，界面中称语不称文,,,,,,,,,,,,,,,,,,,,,
Moroccan Arabic,摩洛哥 阿拉伯语,摩洛哥阿拉伯文,noun,语言名称，界面中称语不称文,,,,,,,,,,,,,,,,,,,,,
Myanmar,缅甸,甸,noun,语言名称，界面中称语不称文,,,,,,,,,,,,,,,,,,,,,
Myanmar (Burmese),缅甸语 (缅甸),甸文 (甸),noun,语言名称，界面中称语不称文,,,,,,,,,,,,,,,,,,,,,
Nauru,瑙鲁语,Z文,noun,语言名称，界面中称语不称文,,,,,,,,,,,,,,,,,,,,,
Navajo,纳瓦霍语,{瓦荷文,noun,语言名称，界面中称语不称文,,,,,,,,,,,,,,,,,,,,,
Ndonga,恩东加语,恩|加文,noun,语言名称，界面中称语不称文,,,,,,,,,,,,,,,,,,,,,
Nepali,尼泊尔语,尼泊文,noun,语言名称，界面中称语不称文,,,,,,,,,,,,,,,,,,,,,
Nias,尼亚斯语,尼斯文,noun,语言名称，界面中称语不称文,,,,,,,,,,,,,,,,,,,,,
North Ndebele,北恩德贝莱,北恩德比利文,noun,语言名称，界面中称语不称文,,,,,,,,,,,,,,,,,,,,,
Northern Sami,北萨米语,北沙米文,noun,语言名称，界面中称语不称文,,,,,,,,,,,,,,,,,,,,,
Norwegian,挪威语,挪威文,noun,语言名称，界面中称语不称文,,,,,,,,,,,,,,,,,,,,,
Norwegian (Bokm?l),挪威语（博克马尔语）,挪威文 (巴克摩),noun,语言名称，界面中称语不称文,,,,,,,,,,,,,,,,,,,,,
Norwegian (Nynorsk),挪威语（新诺斯克语）,挪威文 (尼洛斯克),noun,语言名称，界面中称语不称文,,,,,,,,,,,,,,,,,,,,,
Norwegian Bokmal,挪威博克马尔,挪威文 (巴克摩),noun,语言名称，界面中称语不称文,,,,,,,,,,,,,,,,,,,,,
Norwegian Nynorsk,挪威尼诺斯克语,挪威文 (尼洛斯克),noun,语言名称，界面中称语不称文,,,,,,,,,,,,,,,,,,,,,
Nyanja,尼昂加语,尼PZ文,noun,语言名称，界面中称语不称文,,,,,,,,,,,,,,,,,,,,,
Occitan,奥克语,W西坦文,noun,语言名称，界面中称语不称文,,,,,,,,,,,,,,,,,,,,,
Ojibwa,奥吉布瓦语,W及布威文,noun,语言名称，界面中称语不称文,,,,,,,,,,,,,,,,,,,,,
Oriya,奥里亚语,W利文,noun,语言名称，界面中称语不称文,,,,,,,,,,,,,,,,,,,,,
Oromo,奥罗莫语,W_蒙文,noun,语言名称，界面中称语不称文,,,,,,,,,,,,,,,,,,,,,
Ossetian,奥塞梯语,W塞提文,noun,语言名称，界面中称语不称文,,,,,,,,,,,,,,,,,,,,,
Ossetic,奥塞梯语,W塞提文,noun,语言名称，界面中称语不称文,,,,,,,,,,,,,,,,,,,,,
Pali,巴利语,帕里文,noun,语言名称，界面中称语不称文,,,,,,,,,,,,,,,,,,,,,
Panjabi,旁遮普语,旁遮普文,noun,语言名称，界面中称语不称文,,,,,,,,,,,,,,,,,,,,,
Panjabi (India),旁遮普语（印度）,旁遮普文 (印度),noun,语言名称，界面中称语不称文,,,,,,,,,,,,,,,,,,,,,
Pashto,普什图语,普什D文,noun,语言名称，界面中称语不称文,,,,,,,,,,,,,,,,,,,,,
Persian,波斯语,波斯文,noun,语言名称，界面中称语不称文,,,,,,,,,,,,,,,,,,,,,
Persian (Afghanistan),波斯语（阿富汗）,波斯文 (阿富汗),noun,语言名称，界面中称语不称文,,,,,,,,,,,,,,,,,,,,,
Polish,波兰语,波m文,noun,语言名称，界面中称语不称文,,,,,,,,,,,,,,,,,,,,,
Portuguese,葡萄牙语,葡萄牙文,noun,语言名称，界面中称语不称文,,,,,,,,,,,,,,,,,,,,,
Portuguese (Angola),葡萄牙语（安哥拉）,葡萄牙文 (安哥拉),noun,语言名称，界面中称语不称文,,,,,,,,,,,,,,,,,,,,,
Portuguese (Brazil),葡萄牙语（巴西）,葡萄牙文 (巴西),noun,语言名称，界面中称语不称文,,,,,,,,,,,,,,,,,,,,,
Portuguese (Portugal),葡萄牙语（葡萄牙）,葡萄牙文 (葡萄牙),noun,语言名称，界面中称语不称文,,,,,,,,,,,,,,,,,,,,,
"Portuguese (Portugal, AO90)",葡萄牙语（葡萄牙，AO90）,葡萄牙文 (葡萄牙，AO90),noun,语言名称，界面中称语不称文,,,,,,,,,,,,,,,,,,,,,
Punjabi,旁遮普语,旁遮普文,noun,语言名称，界面中称语不称文,,,,,,,,,,,,,,,,,,,,,
Quechua,克丘亚语,w楚瓦文,noun,语言名称，界面中称语不称文,,,,,,,,,,,,,,,,,,,,,
Raeto-Romance,罗曼什语,里托_曼斯文,noun,语言名称，界面中称语不称文,,,,,,,,,,,,,,,,,,,,,
Rohingya,罗兴亚语,_d文,noun,语言名称，界面中称语不称文,,,,,,,,,,,,,,,,,,,,,
Romanian,罗马尼亚语,_R尼文,noun,语言名称，界面中称语不称文,,,,,,,,,,,,,,,,,,,,,
Russian,俄语,俄文,noun,语言名称，界面中称语不称文,,,,,,,,,,,,,,,,,,,,,
Sakha,萨哈语,_哈文,noun,语言名称，界面中称语不称文,,,,,,,,,,,,,,,,,,,,,
Samoan,萨摩亚语,_摩文,noun,语言名称，界面中称语不称文,,,,,,,,,,,,,,,,,,,,,
Sango,桑戈语,三文,noun,语言名称，界面中称语不称文,,,,,,,,,,,,,,,,,,,,,
Sanskrit,梵文,梵文,noun,语言名称，界面中称语不称文,,,,,,,,,,,,,,,,,,,,,
Saraiki,西莱基语;,沙雷基文,noun,语言名称，界面中称语不称文,,,,,,,,,,,,,,,,,,,,,
Sardinian,萨丁尼亚语,_丁尼文,noun,语言名称，界面中称语不称文,,,,,,,,,,,,,,,,,,,,,
Scottish Gaelic,苏格兰盖尔语,K格mw文,noun,语言名称，界面中称语不称文,,,,,,,,,,,,,,,,,,,,,
Serbian,塞尔维亚语,塞S文,noun,语言名称，界面中称语不称文,,,,,,,,,,,,,,,,,,,,,
Shona,绍纳语,B{文,noun,语言名称，界面中称语不称文,,,,,,,,,,,,,,,,,,,,,
Sichuan Yi,四川彝语,四川彝文,noun,语言名称，界面中称语不称文,,,,,,,,,,,,,,,,,,,,,
Silesian,西里西亚语,西R西文,noun,语言名称，界面中称语不称文,,,,,,,,,,,,,,,,,,,,,
Simplified Chinese,简体中文,w中文,noun,语言名称，界面中称语不称文,,,,,,,,,,,,,,,,,,,,,
Simplified Chinese Formal,简体中文 (正式),w中文 (正式),noun,语言名称，界面中称语不称文,,,,,,,,,,,,,,,,,,,,,
Simplified Chinese Informal,简体中文 (口语),w中文 (口Z),noun,语言名称，界面中称语不称文,,,,,,,,,,,,,,,,,,,,,
Sindhi,信德语,信德文,noun,语言名称，界面中称语不称文,,,,,,,,,,,,,,,,,,,,,
Sinhala,僧伽罗语,僧伽_文,noun,语言名称，界面中称语不称文,,,,,,,,,,,,,,,,,,,,,
Slovak,斯洛伐克语,斯洛伐克文,noun,语言名称，界面中称语不称文,,,,,,,,,,,,,,,,,,,,,
Slovenian,斯洛文尼亚语,斯洛S尼文,noun,语言名称，界面中称语不称文,,,,,,,,,,,,,,,,,,,,,
Somali,索马里语,索R利文,noun,语言名称，界面中称语不称文,,,,,,,,,,,,,,,,,,,,,
South Azerbaijani,南阿塞拜疆语,南塞拜然文,noun,语言名称，界面中称语不称文,,,,,,,,,,,,,,,,,,,,,
South Ndebele,南恩德贝莱,南恩德比利文,noun,语言名称，界面中称语不称文,,,,,,,,,,,,,,,,,,,,,
Southern Sotho,南索托语,南索托文,noun,语言名称，界面中称语不称文,,,,,,,,,,,,,,,,,,,,,
Spanish,西班牙语,西班牙文,noun,语言名称，界面中称语不称文,,,,,,,,,,,,,,,,,,,,,
Spanish (Argentina),西班牙语（阿根廷）,西班牙文 (阿根廷),noun,语言名称，界面中称语不称文,,,,,,,,,,,,,,,,,,,,,
Spanish (Chile),西班牙语（智利）,西班牙文 (智利),noun,语言名称，界面中称语不称文,,,,,,,,,,,,,,,,,,,,,
Spanish (Colombia),西班牙语（哥伦比亚）,西班牙文 (哥比),noun,语言名称，界面中称语不称文,,,,,,,,,,,,,,,,,,,,,
Spanish (Costa Rica),西班牙语（哥斯达黎加）,西班牙文 (哥斯大黎加),noun,语言名称，界面中称语不称文,,,,,,,,,,,,,,,,,,,,,
Spanish (Dominican Republic),西班牙语（多米尼加共和国）,西班牙文 (多明尼加共和),noun,语言名称，界面中称语不称文,,,,,,,,,,,,,,,,,,,,,
Spanish (Ecuador),西班牙语（厄瓜多尔）,西班牙文 (厄瓜多),noun,语言名称，界面中称语不称文,,,,,,,,,,,,,,,,,,,,,
Spanish (Guatemala),西班牙语（危地马拉）,西班牙文 (瓜地R拉),noun,语言名称，界面中称语不称文,,,,,,,,,,,,,,,,,,,,,
Spanish (Mexico),西班牙语（墨西哥）,西班牙文 (墨西哥),noun,语言名称，界面中称语不称文,,,,,,,,,,,,,,,,,,,,,
Spanish (Peru),西班牙语（秘鲁）,西班牙文 (z),noun,语言名称，界面中称语不称文,,,,,,,,,,,,,,,,,,,,,
Spanish (Puerto Rico),西班牙语（波多黎各）,西班牙文 (波多黎各),noun,语言名称，界面中称语不称文,,,,,,,,,,,,,,,,,,,,,
Spanish (Spain),西班牙语（西班牙）,西班牙文 (西班牙),noun,语言名称，界面中称语不称文,,,,,,,,,,,,,,,,,,,,,
Spanish (Uruguay),西班牙语（乌拉圭）,西班牙文 (趵圭),noun,语言名称，界面中称语不称文,,,,,,,,,,,,,,,,,,,,,
Spanish (Venezuela),西班牙语（委内瑞拉）,西班牙文 (委热鹄),noun,语言名称，界面中称语不称文,,,,,,,,,,,,,,,,,,,,,
Sundanese,巽他语,巽丹文,noun,语言名称，界面中称语不称文,,,,,,,,,,,,,,,,,,,,,
Swahili,斯瓦希里语,斯瓦希里文,noun,语言名称，界面中称语不称文,,,,,,,,,,,,,,,,,,,,,
Swati,斯瓦蒂语,斯瓦帝文,noun,语言名称，界面中称语不称文,,,,,,,,,,,,,,,,,,,,,
Swedish,瑞典语,瑞典文,noun,语言名称，界面中称语不称文,,,,,,,,,,,,,,,,,,,,,
Tagalog,他加禄语,塔加拉族文,noun,语言名称，界面中称语不称文,,,,,,,,,,,,,,,,,,,,,
Tahitian,大溪地语,大溪地文,noun,语言名称，界面中称语不称文,,,,,,,,,,,,,,,,,,,,,
Tajik,塔吉克语,塔吉克文,noun,语言名称，界面中称语不称文,,,,,,,,,,,,,,,,,,,,,
Tamil,泰米尔语,坦米文,noun,语言名称，界面中称语不称文,,,,,,,,,,,,,,,,,,,,,
Tamil (Sri Lanka),泰米尔语（斯里兰卡）,坦米文 (斯里m卡),noun,语言名称，界面中称语不称文,,,,,,,,,,,,,,,,,,,,,
Tatar,鞑靼语,^靼文,noun,语言名称，界面中称语不称文,,,,,,,,,,,,,,,,,,,,,
Telugu,泰卢固语,泰R固文,noun,语言名称，界面中称语不称文,,,,,,,,,,,,,,,,,,,,,
Thai,泰语,泰文,noun,语言名称，界面中称语不称文,,,,,,,,,,,,,,,,,,,,,
Tibetan,藏语,藏文,noun,语言名称，界面中称语不称文,,,,,,,,,,,,,,,,,,,,,
Tigrinya,提格利尼亚语,提格利尼文,noun,语言名称，界面中称语不称文,,,,,,,,,,,,,,,,,,,,,
Tonga,汤加语,|加文,noun,语言名称，界面中称语不称文,,,,,,,,,,,,,,,,,,,,,
Traditional Chinese,繁体中文,繁w中文,noun,语言名称，界面中称语不称文,,,,,,,,,,,,,,,,,,,,,
Traditional Chinese Formal,繁体中文 (正式),繁w中文 (正式),noun,语言名称，界面中称语不称文,,,,,,,,,,,,,,,,,,,,,
Traditional Chinese Informal,繁体中文 (口语),繁w中文 (口Z),noun,语言名称，界面中称语不称文,,,,,,,,,,,,,,,,,,,,,
Tsonga,聪加语,加文,noun,语言名称，界面中称语不称文,,,,,,,,,,,,,,,,,,,,,
Tswana,茨瓦纳语,班D文,noun,语言名称，界面中称语不称文,,,,,,,,,,,,,,,,,,,,,
Turkish,土耳其,土耳其文,noun,语言名称，界面中称语不称文,,,,,,,,,,,,,,,,,,,,,
Turkmen,土库曼语,土炻文,noun,语言名称，界面中称语不称文,,,,,,,,,,,,,,,,,,,,,
Twi,契维语,帝S文,noun,语言名称，界面中称语不称文,,,,,,,,,,,,,,,,,,,,,
Uighur,维吾尔文,S吾文,noun,语言名称，界面中称语不称文,,,,,,,,,,,,,,,,,,,,,
Ukrainian,乌克兰语,蹩颂m文,noun,语言名称，界面中称语不称文,,,,,,,,,,,,,,,,,,,,,
Upper Alpha/Latin,大写拉丁字符,大拉丁字元,noun,语言名称，界面中称语不称文,,,,,,,,,,,,,,,,,,,,,
Upper Roman,大写罗马数字,大_R底,noun,语言名称，界面中称语不称文,,,,,,,,,,,,,,,,,,,,,
Upper Sorbian,上索布语,上索布文,noun,语言名称，界面中称语不称文,,,,,,,,,,,,,,,,,,,,,
Urdu,乌尔都语,醵嘉,noun,语言名称，界面中称语不称文,,,,,,,,,,,,,,,,,,,,,
Uyghur,维吾尔族,S吾文,noun,语言名称，界面中称语不称文,,,,,,,,,,,,,,,,,,,,,
Uzbek,乌兹别克语,跗e克文,noun,语言名称，界面中称语不称文,,,,,,,,,,,,,,,,,,,,,
Venda,文达语,文_文,noun,语言名称，界面中称语不称文,,,,,,,,,,,,,,,,,,,,,
Vietnamese,越南语,越南文,noun,语言名称，界面中称语不称文,,,,,,,,,,,,,,,,,,,,,
Volapuk,沃拉普克语,沃拉普克文,noun,语言名称，界面中称语不称文,,,,,,,,,,,,,,,,,,,,,
Walloon,瓦隆语,A隆文,noun,语言名称，界面中称语不称文,,,,,,,,,,,,,,,,,,,,,
Welsh,威尔士语,威斯文,noun,语言名称，界面中称语不称文,,,,,,,,,,,,,,,,,,,,,
Western Frisian,西弗里斯兰语,西弗里西文,noun,语言名称，界面中称语不称文,,,,,,,,,,,,,,,,,,,,,
Wolof,沃洛夫语,沃洛夫文,noun,语言名称，界面中称语不称文,,,,,,,,,,,,,,,,,,,,,
Xhosa,科萨语,廓_文,noun,语言名称，界面中称语不称文,,,,,,,,,,,,,,,,,,,,,
Yiddish,意第绪语,意第w文,noun,语言名称，界面中称语不称文,,,,,,,,,,,,,,,,,,,,,
Yoruba,约鲁巴语,巴文,noun,语言名称，界面中称语不称文,,,,,,,,,,,,,,,,,,,,,
Zhuang,壮语,盐,noun,语言名称，界面中称语不称文,,,,,,,,,,,,,,,,,,,,,
Zulu,祖鲁语,祖文,noun,语言名称，界面中称语不称文,,,,,,,,,,,,,,,,,,,,,
Abidjan,阿比让,阿必尚,noun,洲、国家/地区、城市名称,,,,,,,,,,,,,,,,,,,,,
Accra,阿克拉,阿克拉,noun,洲、国家/地区、城市名称,,,,,,,,,,,,,,,,,,,,,
ACT,澳大利亚首都特区,澳大利首都特^,noun,洲、国家/地区、城市名称,,,,,,,,,,,,,,,,,,,,,
Adak,埃达克,埃_克,noun,洲、国家/地区、城市名称,,,,,,,,,,,,,,,,,,,,,
Addis Ababa,亚的斯亚贝巴,阿迪斯阿巴,noun,洲、国家/地区、城市名称,,,,,,,,,,,,,,,,,,,,,
Adelaide,阿德莱德,阿得雷德,noun,洲、国家/地区、城市名称,,,,,,,,,,,,,,,,,,,,,
Aden,亚丁,D,noun,洲、国家/地区、城市名称,,,,,,,,,,,,,,,,,,,,,
Algiers,阿尔及尔,阿及,noun,洲、国家/地区、城市名称,,,,,,,,,,,,,,,,,,,,,
Almaty,阿拉木图,阿R提,noun,洲、国家/地区、城市名称,,,,,,,,,,,,,,,,,,,,,
America,美国,美洲,noun,洲、国家/地区、城市名称,,,,,,,,,,,,,,,,,,,,,
Amman,安曼,安曼,noun,洲、国家/地区、城市名称,,,,,,,,,,,,,,,,,,,,,
Amsterdam,阿姆斯特丹,阿姆斯特丹,noun,洲、国家/地区、城市名称,,,,,,,,,,,,,,,,,,,,,
Anadyr,阿纳德尔,阿{底,noun,洲、国家/地区、城市名称,,,,,,,,,,,,,,,,,,,,,
Anchorage,安克雷奇,安克拉治,noun,洲、国家/地区、城市名称,,,,,,,,,,,,,,,,,,,,,
Andorra,安道尔,安道,noun,洲、国家/地区、城市名称,,,,,,,,,,,,,,,,,,,,,
Anguilla,安圭拉,安圭拉,noun,洲、国家/地区、城市名称,,,,,,,,,,,,,,,,,,,,,
Antananarivo,塔那那利佛,安塔那那利佛,noun,洲、国家/地区、城市名称,,,,,,,,,,,,,,,,,,,,,
Antarctica,南极洲,南O洲,noun,洲、国家/地区、城市名称,,,,,,,,,,,,,,,,,,,,,
Antigua,安提瓜,安地卡,noun,洲、国家/地区、城市名称,,,,,,,,,,,,,,,,,,,,,
Apia,阿皮亚,庇,noun,洲、国家/地区、城市名称,,,,,,,,,,,,,,,,,,,,,
Aqtau,阿克陶,阿克陶,noun,洲、国家/地区、城市名称,,,,,,,,,,,,,,,,,,,,,
Aqtobe,阿克托贝,阿克托比,noun,洲、国家/地区、城市名称,,,,,,,,,,,,,,,,,,,,,
Araguaina,阿拉瓜纳,阿拉瓜伊{,noun,洲、国家/地区、城市名称,,,,,,,,,,,,,,,,,,,,,
Arctic,北极,北O,noun,洲、国家/地区、城市名称,,,,,,,,,,,,,,,,,,,,,
Argentina,阿根廷,阿根廷,noun,洲、国家/地区、城市名称,,,,,,,,,,,,,,,,,,,,,
Aruba,阿鲁巴,阿路巴,noun,洲、国家/地区、城市名称,,,,,,,,,,,,,,,,,,,,,
Ashgabat,阿什哈巴德,阿什哈巴德,noun,洲、国家/地区、城市名称,,,,,,,,,,,,,,,,,,,,,
Ashkhabad,阿什哈巴德,阿什哈巴德,noun,洲、国家/地区、城市名称,,,,,,,,,,,,,,,,,,,,,
Asia,亚洲,洲,noun,洲、国家/地区、城市名称,,,,,,,,,,,,,,,,,,,,,
Asmara,阿斯马拉,阿斯R拉,noun,洲、国家/地区、城市名称,,,,,,,,,,,,,,,,,,,,,
Asmera,阿斯马拉,阿斯R拉,noun,洲、国家/地区、城市名称,,,,,,,,,,,,,,,,,,,,,
Astrakhan,阿斯特拉罕,阿斯特拉罕,noun,洲、国家/地区、城市名称,,,,,,,,,,,,,,,,,,,,,
Asuncion,亚松森,松森,noun,洲、国家/地区、城市名称,,,,,,,,,,,,,,,,,,,,,
Athens,雅典,雅典,noun,洲、国家/地区、城市名称,,,,,,,,,,,,,,,,,,,,,
Atikokan,阿蒂科坎,阿蒂科肯,noun,洲、国家/地区、城市名称,,,,,,,,,,,,,,,,,,,,,
Atka,阿特卡,阿特卡,noun,洲、国家/地区、城市名称,,,,,,,,,,,,,,,,,,,,,
Atlantic,大西洋,大西洋,noun,洲、国家/地区、城市名称,,,,,,,,,,,,,,,,,,,,,
Atyrau,阿特劳,阿特,noun,洲、国家/地区、城市名称,,,,,,,,,,,,,,,,,,,,,
Auckland,奥克兰,W克m,noun,洲、国家/地区、城市名称,,,,,,,,,,,,,,,,,,,,,
Australia,澳大利亚,澳洲,noun,洲、国家/地区、城市名称,,,,,,,,,,,,,,,,,,,,,
Azores,亚速尔群岛,述群u,noun,洲、国家/地区、城市名称,,,,,,,,,,,,,,,,,,,,,
Baghdad,巴格达,巴格_,noun,洲、国家/地区、城市名称,,,,,,,,,,,,,,,,,,,,,
Bahia,巴伊亚,巴伊,noun,洲、国家/地区、城市名称,,,,,,,,,,,,,,,,,,,,,
Bahia Banderas,巴伊亚班德拉斯,班德拉斯,noun,洲、国家/地区、城市名称,,,,,,,,,,,,,,,,,,,,,
Bahrain,巴林,巴林,noun,洲、国家/地区、城市名称,,,,,,,,,,,,,,,,,,,,,
Baku,巴库,巴,noun,洲、国家/地区、城市名称,,,,,,,,,,,,,,,,,,,,,
Bamako,巴马科,巴R科,noun,洲、国家/地区、城市名称,,,,,,,,,,,,,,,,,,,,,
Bangkok,曼谷,曼谷,noun,洲、国家/地区、城市名称,,,,,,,,,,,,,,,,,,,,,
Bangui,班吉,班基,noun,洲、国家/地区、城市名称,,,,,,,,,,,,,,,,,,,,,
Banjul,班珠尔,班竹,noun,洲、国家/地区、城市名称,,,,,,,,,,,,,,,,,,,,,
Barbados,巴巴多斯,巴多,noun,洲、国家/地区、城市名称,,,,,,,,,,,,,,,,,,,,,
Barnaul,巴尔瑙尔,巴瑙,noun,洲、国家/地区、城市名称,,,,,,,,,,,,,,,,,,,,,
Beirut,贝鲁特,特,noun,洲、国家/地区、城市名称,,,,,,,,,,,,,,,,,,,,,
Belem,贝伦,,noun,洲、国家/地区、城市名称,,,,,,,,,,,,,,,,,,,,,
Belfast,贝尔法斯特,l斯特,noun,洲、国家/地区、城市名称,,,,,,,,,,,,,,,,,,,,,
Belgrade,贝尔格莱德,格勒,noun,洲、国家/地区、城市名称,,,,,,,,,,,,,,,,,,,,,
Belize,伯利兹,里斯,noun,洲、国家/地区、城市名称,,,,,,,,,,,,,,,,,,,,,
Berlin,柏林,柏林,noun,洲、国家/地区、城市名称,,,,,,,,,,,,,,,,,,,,,
Bermuda,百慕大,百慕_,noun,洲、国家/地区、城市名称,,,,,,,,,,,,,,,,,,,,,
Beulah,比尤拉,比尤拉,noun,洲、国家/地区、城市名称,,,,,,,,,,,,,,,,,,,,,
Bishkek,比什凯克,比斯P克,noun,洲、国家/地区、城市名称,,,,,,,,,,,,,,,,,,,,,
Bissau,比绍,比索,noun,洲、国家/地区、城市名称,,,,,,,,,,,,,,,,,,,,,
Blanc-Sablon,布朗萨布隆,布郎_布隆,noun,洲、国家/地区、城市名称,,,,,,,,,,,,,,,,,,,,,
Blantyre,布兰太尔,布{泰,noun,洲、国家/地区、城市名称,,,,,,,,,,,,,,,,,,,,,
Boa Vista,博阿维斯塔,博阿S斯塔u,noun,洲、国家/地区、城市名称,,,,,,,,,,,,,,,,,,,,,
Bogota,波哥大,波哥大,noun,洲、国家/地区、城市名称,,,,,,,,,,,,,,,,,,,,,
Boise,博伊西,波夕,noun,洲、国家/地区、城市名称,,,,,,,,,,,,,,,,,,,,,
Bougainville,布干维尔岛,布干Su,noun,洲、国家/地区、城市名称,,,,,,,,,,,,,,,,,,,,,
Bratislava,布拉迪斯拉发,布拉提斯拉瓦,noun,洲、国家/地区、城市名称,,,,,,,,,,,,,,,,,,,,, 
Brazzaville,布拉柴维尔,布拉_市,noun,洲、国家/地区、城市名称,,,,,,,,,,,,,,,,,,,,,
Brisbane,布里斯班,布里斯本,noun,洲、国家/地区、城市名称,,,,,,,,,,,,,,,,,,,,,
Broken Hill,布罗肯希尔,布_肯希,noun,洲、国家/地区、城市名称,,,,,,,,,,,,,,,,,,,,,
browser,浏览器,g[器,noun,洲、国家/地区、城市名称,,,,,,,,,,,,,,,,,,,,,
Brunei,文莱,汶R,noun,洲、国家/地区、城市名称,,,,,,,,,,,,,,,,,,,,,
Brussels,布鲁塞尔,布塞,noun,洲、国家/地区、城市名称,,,,,,,,,,,,,,,,,,,,,
Bucharest,布加勒斯特,布加勒斯特,noun,洲、国家/地区、城市名称,,,,,,,,,,,,,,,,,,,,,
Budapest,布达佩斯,布_佩斯,noun,洲、国家/地区、城市名称,,,,,,,,,,,,,,,,,,,,,
Buenos Aires,布宜诺斯艾利斯,布宜Z斯艾利斯,noun,洲、国家/地区、城市名称,,,,,,,,,,,,,,,,,,,,,
Bujumbura,布琼布拉,布松布拉,noun,洲、国家/地区、城市名称,,,,,,,,,,,,,,,,,,,,,
Busingen,布辛根,布辛根,noun,洲、国家/地区、城市名称,,,,,,,,,,,,,,,,,,,,,
Cairo,开罗,__,noun,洲、国家/地区、城市名称,,,,,,,,,,,,,,,,,,,,,
Calcutta,加尔各答,加各答,noun,洲、国家/地区、城市名称,,,,,,,,,,,,,,,,,,,,,
Cambridge Bay,剑桥湾,,noun,洲、国家/地区、城市名称,,,,,,,,,,,,,,,,,,,,,
Campo Grande,大坎普,格m德I,noun,洲、国家/地区、城市名称,,,,,,,,,,,,,,,,,,,,,
Canary,加那利群岛,加那利群u,noun,洲、国家/地区、城市名称,,,,,,,,,,,,,,,,,,,,,
Canberra,堪培拉,坎培拉,noun,洲、国家/地区、城市名称,,,,,,,,,,,,,,,,,,,,,
Cancun,坎昆,坎昆,noun,洲、国家/地区、城市名称,,,,,,,,,,,,,,,,,,,,,
Cape Verde,佛得角,S德角,noun,洲、国家/地区、城市名称,,,,,,,,,,,,,,,,,,,,,
Caracas,加拉加斯,卡拉卡斯,noun,洲、国家/地区、城市名称,,,,,,,,,,,,,,,,,,,,,
Casablanca,卡萨布兰卡,卡_布m卡,noun,洲、国家/地区、城市名称,,,,,,,,,,,,,,,,,,,,,
Casey,开西站,_西站,noun,洲、国家/地区、城市名称,,,,,,,,,,,,,,,,,,,,,
Catamarca,卡塔马卡,卡_R卡,noun,洲、国家/地区、城市名称,,,,,,,,,,,,,,,,,,,,,
Cayenne,开云,_,noun,洲、国家/地区、城市名称,,,,,,,,,,,,,,,,,,,,,
Cayman,开曼群岛,_曼群u,noun,洲、国家/地区、城市名称,,,,,,,,,,,,,,,,,,,,,
Center,中心市,中心市,noun,洲、国家/地区、城市名称,,,,,,,,,,,,,,,,,,,,,
Ceuta,休达,修_,noun,洲、国家/地区、城市名称,,,,,,,,,,,,,,,,,,,,,
Chagos,查戈斯,查哥斯,noun,洲、国家/地区、城市名称,,,,,,,,,,,,,,,,,,,,,
Chatham,查塔姆,查塔姆群u,noun,洲、国家/地区、城市名称,,,,,,,,,,,,,,,,,,,,,
Chicago,芝加哥,芝加哥,noun,洲、国家/地区、城市名称,,,,,,,,,,,,,,,,,,,,,
Chihuahua,奇瓦瓦州,赤瓦瓦,noun,洲、国家/地区、城市名称,,,,,,,,,,,,,,,,,,,,,
Chisinau,基希讷乌,奇西瑙,noun,洲、国家/地区、城市名称,,,,,,,,,,,,,,,,,,,,,
Chita,赤塔,赤塔,noun,洲、国家/地区、城市名称,,,,,,,,,,,,,,,,,,,,,
Choibalsan,乔巴山,贪蜕,noun,洲、国家/地区、城市名称,,,,,,,,,,,,,,,,,,,,,
Chongqing,重庆,重c,noun,洲、国家/地区、城市名称,,,,,,,,,,,,,,,,,,,,,
Christmas,圣诞岛,}Qu,noun,洲、国家/地区、城市名称,,,,,,,,,,,,,,,,,,,,,
Chungking,重庆,重c,noun,洲、国家/地区、城市名称,,,,,,,,,,,,,,,,,,,,,
Chuuk,楚克岛,楚克u,noun,洲、国家/地区、城市名称,,,,,,,,,,,,,,,,,,,,,
Cocos,科科斯,可可斯群u,noun,洲、国家/地区、城市名称,,,,,,,,,,,,,,,,,,,,,
Colombo,科伦坡,可坡,noun,洲、国家/地区、城市名称,,,,,,,,,,,,,,,,,,,,,
ComodRivadavia,科莫德里瓦达维亚,科木多洛,noun,洲、国家/地区、城市名称,,,,,,,,,,,,,,,,,,,,,
Comoro,科摩罗,葛摩,noun,洲、国家/地区、城市名称,,,,,,,,,,,,,,,,,,,,,
Conakry,科纳克里,科{克里,noun,洲、国家/地区、城市名称,,,,,,,,,,,,,,,,,,,,,
Copenhagen,哥本哈根,哥本哈根,noun,洲、国家/地区、城市名称,,,,,,,,,,,,,,,,,,,,,
Coral Harbour,珊瑚港,珊瑚港,noun,洲、国家/地区、城市名称,,,,,,,,,,,,,,,,,,,,,
Cordoba,科尔多瓦,科多瓦,noun,洲、国家/地区、城市名称,,,,,,,,,,,,,,,,,,,,,
Costa Rica,哥斯达黎加,哥斯大黎加,noun,洲、国家/地区、城市名称,,,,,,,,,,,,,,,,,,,,,
Creston,克雷斯顿,克雷斯D,noun,洲、国家/地区、城市名称,,,,,,,,,,,,,,,,,,,,,
Cuiaba,库亚巴,古雅巴,noun,洲、国家/地区、城市名称,,,,,,,,,,,,,,,,,,,,,
Curacao,库拉索,古拉果,noun,洲、国家/地区、城市名称,,,,,,,,,,,,,,,,,,,,,
Currie,柯里,柯里,noun,洲、国家/地区、城市名称,,,,,,,,,,,,,,,,,,,,,
Dacca,达卡,_卡,noun,洲、国家/地区、城市名称,,,,,,,,,,,,,,,,,,,,,
Dakar,达喀尔,_卡,noun,洲、国家/地区、城市名称,,,,,,,,,,,,,,,,,,,,,
Damascus,大马士革,大R士革,noun,洲、国家/地区、城市名称,,,,,,,,,,,,,,,,,,,,,
Danmarkshavn,丹麦港,格陵m,noun,洲、国家/地区、城市名称,,,,,,,,,,,,,,,,,,,,,
Dar es Salaam,达累斯萨拉姆,_R撒m,noun,洲、国家/地区、城市名称,,,,,,,,,,,,,,,,,,,,,
Darwin,达尔文,_文,noun,洲、国家/地区、城市名称,,,,,,,,,,,,,,,,,,,,,
Davis,戴维斯站,戴S斯站,noun,洲、国家/地区、城市名称,,,,,,,,,,,,,,,,,,,,,
Dawson,道森市,道森市,noun,洲、国家/地区、城市名称,,,,,,,,,,,,,,,,,,,,,
Dawson Creek,道森克里克,道森河市,noun,洲、国家/地区、城市名称,,,,,,,,,,,,,,,,,,,,,
Denver,丹佛,丹佛,noun,洲、国家/地区、城市名称,,,,,,,,,,,,,,,,,,,,,
Detroit,底特律,底特律,noun,洲、国家/地区、城市名称,,,,,,,,,,,,,,,,,,,,,
Dhaka,达卡,_卡,noun,洲、国家/地区、城市名称,,,,,,,,,,,,,,,,,,,,,
Dili,帝力,帝利,noun,洲、国家/地区、城市名称,,,,,,,,,,,,,,,,,,,,,
Djibouti,吉布提,吉布地,noun,洲、国家/地区、城市名称,,,,,,,,,,,,,,,,,,,,,
Dominica,多米尼加,多明尼加,noun,洲、国家/地区、城市名称,,,,,,,,,,,,,,,,,,,,,
Douala,杜阿拉,杜阿拉,noun,洲、国家/地区、城市名称,,,,,,,,,,,,,,,,,,,,,
Dubai,迪拜,杜拜,noun,洲、国家/地区、城市名称,,,,,,,,,,,,,,,,,,,,,
Dublin,都柏林,都柏林,noun,洲、国家/地区、城市名称,,,,,,,,,,,,,,,,,,,,,
DumontDUrville,杜蒙・杜维尔,迪蒙・迪S站,noun,洲、国家/地区、城市名称,,,,,,,,,,,,,,,,,,,,,
Dushanbe,杜尚别,杜尚,noun,洲、国家/地区、城市名称,,,,,,,,,,,,,,,,,,,,,
Easter,复活节岛,突罟u,noun,洲、国家/地区、城市名称,,,,,,,,,,,,,,,,,,,,,
Edmonton,埃德蒙顿,艾德蒙D,noun,洲、国家/地区、城市名称,,,,,,,,,,,,,,,,,,,,,
Efate,埃法特,郯l提,noun,洲、国家/地区、城市名称,,,,,,,,,,,,,,,,,,,,,
Eirunepe,埃鲁内佩,埃扰,noun,洲、国家/地区、城市名称,,,,,,,,,,,,,,,,,,,,,
El Aaiun,埃尔阿尤恩,阿尤恩,noun,洲、国家/地区、城市名称,,,,,,,,,,,,,,,,,,,,,
El Salvador,萨尔瓦多,_瓦多,noun,洲、国家/地区、城市名称,,,,,,,,,,,,,,,,,,,,,
Enderbury,恩德伯里岛,恩德伯里u,noun,洲、国家/地区、城市名称,,,,,,,,,,,,,,,,,,,,,
Ensenada,恩塞纳达,恩瑟{_,noun,洲、国家/地区、城市名称,,,,,,,,,,,,,,,,,,,,,
Eucla,尤克拉,尤克拉,noun,洲、国家/地区、城市名称,,,,,,,,,,,,,,,,,,,,,
Europe,欧洲,W洲,noun,洲、国家/地区、城市名称,,,,,,,,,,,,,,,,,,,,,
Faeroe,法罗群岛,法_群u,noun,洲、国家/地区、城市名称,,,,,,,,,,,,,,,,,,,,,
Fakaofo,法考福,法克W佛,noun,洲、国家/地区、城市名称,,,,,,,,,,,,,,,,,,,,,
Famagusta,法马古斯塔,法R古斯塔,noun,洲、国家/地区、城市名称,,,,,,,,,,,,,,,,,,,,,
Faroe,法罗群岛,法_群u,noun,洲、国家/地区、城市名称,,,,,,,,,,,,,,,,,,,,,
Fiji,斐济,斐,noun,洲、国家/地区、城市名称,,,,,,,,,,,,,,,,,,,,,
Fort Nelson,纳尔逊堡,{d堡,noun,洲、国家/地区、城市名称,,,,,,,,,,,,,,,,,,,,,
Fort Wayne,韦恩堡,f恩堡,noun,洲、国家/地区、城市名称,,,,,,,,,,,,,,,,,,,,,
Fortaleza,福塔雷萨,福塔力沙,noun,洲、国家/地区、城市名称,,,,,,,,,,,,,,,,,,,,,
Freetown,弗里敦,自由城,noun,洲、国家/地区、城市名称,,,,,,,,,,,,,,,,,,,,,
Funafuti,富纳富提,富{富提,noun,洲、国家/地区、城市名称,,,,,,,,,,,,,,,,,,,,,
Gaborone,哈博罗内,嘉柏隆里,noun,洲、国家/地区、城市名称,,,,,,,,,,,,,,,,,,,,,
Galapagos,加拉帕戈斯群岛,加拉巴哥群u,noun,洲、国家/地区、城市名称,,,,,,,,,,,,,,,,,,,,,
Gambier,甘比尔群岛,甘比群u,noun,洲、国家/地区、城市名称,,,,,,,,,,,,,,,,,,,,,
Gaza,加沙,加_,noun,洲、国家/地区、城市名称,,,,,,,,,,,,,,,,,,,,,
Gibraltar,直布罗陀,直布_陀,noun,洲、国家/地区、城市名称,,,,,,,,,,,,,,,,,,,,,
Glace Bay,格莱斯湾,格R斯,noun,洲、国家/地区、城市名称,,,,,,,,,,,,,,,,,,,,,
Godthab,戈特霍布,哥特哈布,noun,洲、国家/地区、城市名称,,,,,,,,,,,,,,,,,,,,,
Goose Bay,古斯湾,古斯,noun,洲、国家/地区、城市名称,,,,,,,,,,,,,,,,,,,,,
Grand Turk,大特克岛,格m土克,noun,洲、国家/地区、城市名称,,,,,,,,,,,,,,,,,,,,,
Greenwich,格林威治,格林威治,noun,洲、国家/地区、城市名称,,,,,,,,,,,,,,,,,,,,,
Grenada,格林纳达,格瑞那_,noun,洲、国家/地区、城市名称,,,,,,,,,,,,,,,,,,,,,
Guadalcanal,瓜达尔卡纳尔岛,瓜_卡那u,noun,洲、国家/地区、城市名称,,,,,,,,,,,,,,,,,,,,,
Guadeloupe,瓜德罗普岛,瓜地洛普,noun,洲、国家/地区、城市名称,,,,,,,,,,,,,,,,,,,,,
Guam,关岛,Pu,noun,洲、国家/地区、城市名称,,,,,,,,,,,,,,,,,,,,,
Guatemala,危地马拉,瓜地R拉,noun,洲、国家/地区、城市名称,,,,,,,,,,,,,,,,,,,,,
Guayaquil,瓜亚基尔,圭基,noun,洲、国家/地区、城市名称,,,,,,,,,,,,,,,,,,,,,
Guernsey,根西岛,根西u,noun,洲、国家/地区、城市名称,,,,,,,,,,,,,,,,,,,,,
Guyana,圭亚那,w那,noun,洲、国家/地区、城市名称,,,,,,,,,,,,,,,,,,,,,
Halifax,哈利法克斯,哈利法克斯,noun,洲、国家/地区、城市名称,,,,,,,,,,,,,,,,,,,,,
Harare,哈拉雷,哈拉雷,noun,洲、国家/地区、城市名称,,,,,,,,,,,,,,,,,,,,,
Harbin,哈尔滨,哈I,noun,洲、国家/地区、城市名称,,,,,,,,,,,,,,,,,,,,,
Havana,哈瓦那,哈瓦那,noun,洲、国家/地区、城市名称,,,,,,,,,,,,,,,,,,,,,
Hebron,希伯伦,希伯,noun,洲、国家/地区、城市名称,,,,,,,,,,,,,,,,,,,,,
Helsinki,赫尔辛基,赫辛基,noun,洲、国家/地区、城市名称,,,,,,,,,,,,,,,,,,,,,
Hermosillo,埃莫西约,埃莫西s,noun,洲、国家/地区、城市名称,,,,,,,,,,,,,,,,,,,,,
Ho Chi Minh,胡志明市,胡志明市,noun,洲、国家/地区、城市名称,,,,,,,,,,,,,,,,,,,,,
Hobart,霍巴特,霍巴特,noun,洲、国家/地区、城市名称,,,,,,,,,,,,,,,,,,,,,
Hong Kong,香港,香港,noun,洲、国家/地区、城市名称,,,,,,,,,,,,,,,,,,,,,
Honolulu,檀香山,檀香山,noun,洲、国家/地区、城市名称,,,,,,,,,,,,,,,,,,,,,
Hovd,科布多,哈霍德,noun,洲、国家/地区、城市名称,,,,,,,,,,,,,,,,,,,,,
Indian,印度,印度,noun,洲、国家/地区、城市名称,,,,,,,,,,,,,,,,,,,,,
Indiana,印第安纳州,印第安那州,noun,洲、国家/地区、城市名称,,,,,,,,,,,,,,,,,,,,,
Indianapolis,印第安纳波利斯,印第安{波利斯,noun,洲、国家/地区、城市名称,,,,,,,,,,,,,,,,,,,,,
Inuvik,因纽维克,因~S克,noun,洲、国家/地区、城市名称,,,,,,,,,,,,,,,,,,,,,
Iqaluit,伊卡卢伊特,伊魁特,noun,洲、国家/地区、城市名称,,,,,,,,,,,,,,,,,,,,,
Irkutsk,伊尔库茨克,伊齑慰,noun,洲、国家/地区、城市名称,,,,,,,,,,,,,,,,,,,,,
Isle of Man,马恩岛,曼u,noun,洲、国家/地区、城市名称,,,,,,,,,,,,,,,,,,,,,
Istanbul,伊斯坦布尔,伊斯坦堡,noun,洲、国家/地区、城市名称,,,,,,,,,,,,,,,,,,,,,
Jakarta,雅加达,雅加_,noun,洲、国家/地区、城市名称,,,,,,,,,,,,,,,,,,,,,
Jamaica,牙买加,牙I加,noun,洲、国家/地区、城市名称,,,,,,,,,,,,,,,,,,,,,
Jan Mayen,扬马延岛,央棉群u,noun,洲、国家/地区、城市名称,,,,,,,,,,,,,,,,,,,,,
Jayapura,查亚普拉,嘉雅浦拉,noun,洲、国家/地区、城市名称,,,,,,,,,,,,,,,,,,,,,
Jersey,泽西岛,晌u,noun,洲、国家/地区、城市名称,,,,,,,,,,,,,,,,,,,,,
Jerusalem,耶路撒冷,耶路撒冷,noun,洲、国家/地区、城市名称,,,,,,,,,,,,,,,,,,,,,
Johannesburg,约翰内斯堡,s翰尼斯堡,noun,洲、国家/地区、城市名称,,,,,,,,,,,,,,,,,,,,,
Johnston,约翰斯顿,詹斯Du,noun,洲、国家/地区、城市名称,,,,,,,,,,,,,,,,,,,,,
Juba,朱巴,朱巴,noun,洲、国家/地区、城市名称,,,,,,,,,,,,,,,,,,,,,
Jujuy,胡胡伊省,胡胡伊,noun,洲、国家/地区、城市名称,,,,,,,,,,,,,,,,,,,,,
Juneau,朱诺,朱Z,noun,洲、国家/地区、城市名称,,,,,,,,,,,,,,,,,,,,,
Kabul,喀布尔,喀布,noun,洲、国家/地区、城市名称,,,,,,,,,,,,,,,,,,,,,
Kaliningrad,加里宁格勒,卡里格勒,noun,洲、国家/地区、城市名称,,,,,,,,,,,,,,,,,,,,,
Kamchatka,堪察加半岛,堪察加,noun,洲、国家/地区、城市名称,,,,,,,,,,,,,,,,,,,,,
Kampala,坎帕拉,坎帕拉,noun,洲、国家/地区、城市名称,,,,,,,,,,,,,,,,,,,,,
Kanton,坎顿,坎D,noun,洲、国家/地区、城市名称,,,,,,,,,,,,,,,,,,,,,
Karachi,卡拉奇,克洛奇,noun,洲、国家/地区、城市名称,,,,,,,,,,,,,,,,,,,,,
Kashgar,喀什市,喀什市,noun,洲、国家/地区、城市名称,,,,,,,,,,,,,,,,,,,,,
Kathmandu,加德满都,加德M都,noun,洲、国家/地区、城市名称,,,,,,,,,,,,,,,,,,,,,
Katmandu,加德满都,加德M都,noun,洲、国家/地区、城市名称,,,,,,,,,,,,,,,,,,,,,
Kentucky,肯塔基州,肯塔基州,noun,洲、国家/地区、城市名称,,,,,,,,,,,,,,,,,,,,,
Kerguelen,凯尔盖朗,Pw朗群u,noun,洲、国家/地区、城市名称,,,,,,,,,,,,,,,,,,,,,
Khandyga,汉德加,h德加,noun,洲、国家/地区、城市名称,,,,,,,,,,,,,,,,,,,,,
Khartoum,喀土穆,喀土穆,noun,洲、国家/地区、城市名称,,,,,,,,,,,,,,,,,,,,,
Kiev,基辅,基o,noun,洲、国家/地区、城市名称,,,,,,,,,,,,,,,,,,,,,
Kigali,基加利,吉佳利,noun,洲、国家/地区、城市名称,,,,,,,,,,,,,,,,,,,,,
Kinshasa,金沙萨,金夏沙,noun,洲、国家/地区、城市名称,,,,,,,,,,,,,,,,,,,,,
Kiritimati,基里蒂马蒂,刻里提斯,noun,洲、国家/地区、城市名称,,,,,,,,,,,,,,,,,,,,,
Kirov,基洛夫,基洛夫,noun,洲、国家/地区、城市名称,,,,,,,,,,,,,,,,,,,,,
Knox,诺克斯,Z克斯,noun,洲、国家/地区、城市名称,,,,,,,,,,,,,,,,,,,,,
Knox IN,诺克斯,Z克斯,noun,洲、国家/地区、城市名称,,,,,,,,,,,,,,,,,,,,,
Kolkata,加尔各答,加各答,noun,洲、国家/地区、城市名称,,,,,,,,,,,,,,,,,,,,,
Kosrae,科斯雷,科瑟,noun,洲、国家/地区、城市名称,,,,,,,,,,,,,,,,,,,,,
Kralendijk,克拉伦代克,克拉代克,noun,洲、国家/地区、城市名称,,,,,,,,,,,,,,,,,,,,,
Krasnoyarsk,克拉斯诺亚尔斯克,克拉斯Z斯克,noun,洲、国家/地区、城市名称,,,,,,,,,,,,,,,,,,,,,
Kuala Lumpur,吉隆坡,吉隆坡,noun,洲、国家/地区、城市名称,,,,,,,,,,,,,,,,,,,,,
Kuching,古晋,古x,noun,洲、国家/地区、城市名称,,,,,,,,,,,,,,,,,,,,,
Kuwait,科威特,科威特,noun,洲、国家/地区、城市名称,,,,,,,,,,,,,,,,,,,,,
Kwajalein,夸贾林环礁,瓜加林u,noun,洲、国家/地区、城市名称,,,,,,,,,,,,,,,,,,,,,
Kyiv,基辅,基o,noun,洲、国家/地区、城市名称,,,,,,,,,,,,,,,,,,,,,
La Paz,拉巴斯,拉帕,noun,洲、国家/地区、城市名称,,,,,,,,,,,,,,,,,,,,,
La Rioja,拉里奥哈,拉里W哈,noun,洲、国家/地区、城市名称,,,,,,,,,,,,,,,,,,,,,
Lagos,拉各斯,拉哥斯,noun,洲、国家/地区、城市名称,,,,,,,,,,,,,,,,,,,,,
Libreville,利伯维尔,自由市,noun,洲、国家/地区、城市名称,,,,,,,,,,,,,,,,,,,,,
Lima,利马,利R,noun,洲、国家/地区、城市名称,,,,,,,,,,,,,,,,,,,,,
Lindeman,林德曼岛,林德曼u,noun,洲、国家/地区、城市名称,,,,,,,,,,,,,,,,,,,,,
Lisbon,里斯本,里斯本,noun,洲、国家/地区、城市名称,,,,,,,,,,,,,,,,,,,,,
Ljubljana,卢布尔雅那,R布{,noun,洲、国家/地区、城市名称,,,,,,,,,,,,,,,,,,,,,
London,伦敦,敦,noun,洲、国家/地区、城市名称,,,,,,,,,,,,,,,,,,,,,
Longyearbyen,朗伊尔城,宜比恩,noun,洲、国家/地区、城市名称,,,,,,,,,,,,,,,,,,,,,
Lord Howe,豪勋爵,_豪,noun,洲、国家/地区、城市名称,,,,,,,,,,,,,,,,,,,,,
Los Angeles,洛杉矶,洛杉,noun,洲、国家/地区、城市名称,,,,,,,,,,,,,,,,,,,,,
Louisville,刘易斯维尔,路易S,noun,洲、国家/地区、城市名称,,,,,,,,,,,,,,,,,,,,,
Lower Princes,下太子区,下太子^,noun,洲、国家/地区、城市名称,,,,,,,,,,,,,,,,,,,,,
Luanda,罗安达,R安_,noun,洲、国家/地区、城市名称,,,,,,,,,,,,,,,,,,,,,
Lubumbashi,卢本巴希,_彭巴布,noun,洲、国家/地区、城市名称,,,,,,,,,,,,,,,,,,,,,
Lusaka,卢萨卡,路沙卡,noun,洲、国家/地区、城市名称,,,,,,,,,,,,,,,,,,,,,
Luxembourg,卢森堡,R森堡,noun,洲、国家/地区、城市名称,,,,,,,,,,,,,,,,,,,,,
Macao,澳门,澳T,noun,洲、国家/地区、城市名称,,,,,,,,,,,,,,,,,,,,,
Macau,澳门,澳T,noun,洲、国家/地区、城市名称,,,,,,,,,,,,,,,,,,,,,
Maceio,马塞约,R瑟W,noun,洲、国家/地区、城市名称,,,,,,,,,,,,,,,,,,,,,
Macquarie,麦格理岛,加利u,noun,洲、国家/地区、城市名称,,,,,,,,,,,,,,,,,,,,,
Madeira,马德拉群岛,R迪拉群u,noun,洲、国家/地区、城市名称,,,,,,,,,,,,,,,,,,,,,
Madrid,马德里,R德里,noun,洲、国家/地区、城市名称,,,,,,,,,,,,,,,,,,,,,
Magadan,马加丹,R加丹,noun,洲、国家/地区、城市名称,,,,,,,,,,,,,,,,,,,,,
Mahe,马埃岛,R赫,noun,洲、国家/地区、城市名称,,,,,,,,,,,,,,,,,,,,,
Majuro,马朱罗,哲,noun,洲、国家/地区、城市名称,,,,,,,,,,,,,,,,,,,,,
Makassar,望加锡,加沙,noun,洲、国家/地区、城市名称,,,,,,,,,,,,,,,,,,,,,
Malabo,马拉博,R拉博,noun,洲、国家/地区、城市名称,,,,,,,,,,,,,,,,,,,,,
Maldives,马尔代夫,R地夫,noun,洲、国家/地区、城市名称,,,,,,,,,,,,,,,,,,,,,
Malta,马耳他,R他,noun,洲、国家/地区、城市名称,,,,,,,,,,,,,,,,,,,,,
Managua,马那瓜,R{瓜,noun,洲、国家/地区、城市名称,,,,,,,,,,,,,,,,,,,,,
Manaus,马瑙斯,瑙斯,noun,洲、国家/地区、城市名称,,,,,,,,,,,,,,,,,,,,,
Manila,马尼拉,R尼拉,noun,洲、国家/地区、城市名称,,,,,,,,,,,,,,,,,,,,,
Maputo,马普托,R布多,noun,洲、国家/地区、城市名称,,,,,,,,,,,,,,,,,,,,,
Marengo,马伦戈,R戈,noun,洲、国家/地区、城市名称,,,,,,,,,,,,,,,,,,,,,
Mariehamn,玛丽港,港,noun,洲、国家/地区、城市名称,,,,,,,,,,,,,,,,,,,,,
Marigot,马里戈特,R里戈,noun,洲、国家/地区、城市名称,,,,,,,,,,,,,,,,,,,,,
Marquesas,马克萨斯,R克沙斯,noun,洲、国家/地区、城市名称,,,,,,,,,,,,,,,,,,,,,
Martinique,马提尼克岛,R丁尼克,noun,洲、国家/地区、城市名称,,,,,,,,,,,,,,,,,,,,,
Maseru,马塞卢,R塞,noun,洲、国家/地区、城市名称,,,,,,,,,,,,,,,,,,,,,
Matamoros,马塔莫罗斯,R塔莫_斯,noun,洲、国家/地区、城市名称,,,,,,,,,,,,,,,,,,,,,
Mauritius,毛里求斯,模里西斯,noun,洲、国家/地区、城市名称,,,,,,,,,,,,,,,,,,,,,
Mawson,莫森,茂d,noun,洲、国家/地区、城市名称,,,,,,,,,,,,,,,,,,,,,
Mayotte,马约特岛,Rs特u,noun,洲、国家/地区、城市名称,,,,,,,,,,,,,,,,,,,,,
Mazatlan,马萨特兰,R札特m,noun,洲、国家/地区、城市名称,,,,,,,,,,,,,,,,,,,,,
Mbabane,姆巴巴内,墨巴本,noun,洲、国家/地区、城市名称,,,,,,,,,,,,,,,,,,,,,
McMurdo,麦克默多,克R多,noun,洲、国家/地区、城市名称,,,,,,,,,,,,,,,,,,,,,
Melbourne,墨尔本,墨本,noun,洲、国家/地区、城市名称,,,,,,,,,,,,,,,,,,,,,
Mendoza,门多萨,T多_,noun,洲、国家/地区、城市名称,,,,,,,,,,,,,,,,,,,,,
Menominee,梅诺米尼,梅Z米尼,noun,洲、国家/地区、城市名称,,,,,,,,,,,,,,,,,,,,,
Merida,梅里达,梅里_,noun,洲、国家/地区、城市名称,,,,,,,,,,,,,,,,,,,,,
Metlakatla,梅特拉卡特拉,梅特拉卡特拉,noun,洲、国家/地区、城市名称,,,,,,,,,,,,,,,,,,,,,
Mexico City,墨西哥城,墨西哥城,noun,洲、国家/地区、城市名称,,,,,,,,,,,,,,,,,,,,,
Midway,中途岛,中途u,noun,洲、国家/地区、城市名称,,,,,,,,,,,,,,,,,,,,,
Minsk,明斯克,明斯克,noun,洲、国家/地区、城市名称,,,,,,,,,,,,,,,,,,,,,
Miquelon,密克隆群岛,密克隆群u,noun,洲、国家/地区、城市名称,,,,,,,,,,,,,,,,,,,,,
Mogadishu,摩加迪沙,摩加迪休,noun,洲、国家/地区、城市名称,,,,,,,,,,,,,,,,,,,,,
Monaco,摩纳哥,摩{哥,noun,洲、国家/地区、城市名称,,,,,,,,,,,,,,,,,,,,,
Moncton,蒙克顿,蒙克D,noun,洲、国家/地区、城市名称,,,,,,,,,,,,,,,,,,,,,
Monrovia,蒙罗维亚,蒙_S,noun,洲、国家/地区、城市名称,,,,,,,,,,,,,,,,,,,,,
Monterrey,蒙特雷,蒙特利,noun,洲、国家/地区、城市名称,,,,,,,,,,,,,,,,,,,,,
Montevideo,蒙得维的亚,蒙特S多,noun,洲、国家/地区、城市名称,,,,,,,,,,,,,,,,,,,,,
Monticello,蒙蒂塞洛,蒙蒂塞洛,noun,洲、国家/地区、城市名称,,,,,,,,,,,,,,,,,,,,,
Montreal,蒙特利尔,蒙特,noun,洲、国家/地区、城市名称,,,,,,,,,,,,,,,,,,,,,
Montserrat,蒙特塞拉特,蒙特色拉特u,noun,洲、国家/地区、城市名称,,,,,,,,,,,,,,,,,,,,,
Moscow,莫斯科,莫斯科,noun,洲、国家/地区、城市名称,,,,,,,,,,,,,,,,,,,,,
Muscat,马斯喀特,R斯喀特,noun,洲、国家/地区、城市名称,,,,,,,,,,,,,,,,,,,,,
Nairobi,内罗毕,奈洛比,noun,洲、国家/地区、城市名称,,,,,,,,,,,,,,,,,,,,,
Nassau,拿骚,拿索,noun,洲、国家/地区、城市名称,,,,,,,,,,,,,,,,,,,,,
Nauru,瑙鲁,Z,noun,洲、国家/地区、城市名称,,,,,,,,,,,,,,,,,,,,,
Ndjamena,恩贾梅纳,恩加美{,noun,洲、国家/地区、城市名称,,,,,,,,,,,,,,,,,,,,,
New Salem,新塞勒姆,新_勒姆,noun,洲、国家/地区、城市名称,,,,,,,,,,,,,,,,,,,,,
New York,纽约,~s,noun,洲、国家/地区、城市名称,,,,,,,,,,,,,,,,,,,,,
Niamey,尼亚美,尼阿美,noun,洲、国家/地区、城市名称,,,,,,,,,,,,,,,,,,,,,
Nicosia,尼科西亚,尼古西,noun,洲、国家/地区、城市名称,,,,,,,,,,,,,,,,,,,,,
Nipigon,尼皮贡,尼皮,noun,洲、国家/地区、城市名称,,,,,,,,,,,,,,,,,,,,,
Nome,诺姆,Z姆,noun,洲、国家/地区、城市名称,,,,,,,,,,,,,,,,,,,,,
Norfolk,诺福克,Z福克,noun,洲、国家/地区、城市名称,,,,,,,,,,,,,,,,,,,,,
Noronha,诺罗尼亚,Z拉哈,noun,洲、国家/地区、城市名称,,,,,,,,,,,,,,,,,,,,,
North,北方,北I地,noun,洲、国家/地区、城市名称,,,,,,,,,,,,,,,,,,,,,
North Dakota,北达科他州,北_科他,noun,洲、国家/地区、城市名称,,,,,,,,,,,,,,,,,,,,,
Nouakchott,努瓦克肖特,Z克少,noun,洲、国家/地区、城市名称,,,,,,,,,,,,,,,,,,,,,
Noumea,努美阿,Z米,noun,洲、国家/地区、城市名称,,,,,,,,,,,,,,,,,,,,,
Novokuznetsk,新库兹涅茨克,新炱涅茨克,noun,洲、国家/地区、城市名称,,,,,,,,,,,,,,,,,,,,,
Novosibirsk,新西伯利亚,新西伯利,noun,洲、国家/地区、城市名称,,,,,,,,,,,,,,,,,,,,,
NSW,新南威尔士州,新南威斯省,noun,洲、国家/地区、城市名称,,,,,,,,,,,,,,,,,,,,,
Nuuk,努克,努克,noun,洲、国家/地区、城市名称,,,,,,,,,,,,,,,,,,,,,
Ojinaga,奥希纳加,W希{加,noun,洲、国家/地区、城市名称,,,,,,,,,,,,,,,,,,,,,
Omsk,鄂木斯克,鄂木斯克,noun,洲、国家/地区、城市名称,,,,,,,,,,,,,,,,,,,,,
Oral,乌拉尔,趵,noun,洲、国家/地区、城市名称,,,,,,,,,,,,,,,,,,,,,
Oslo,奥斯陆,W斯,noun,洲、国家/地区、城市名称,,,,,,,,,,,,,,,,,,,,,
Ouagadougou,瓦加杜古,瓦加杜古,noun,洲、国家/地区、城市名称,,,,,,,,,,,,,,,,,,,,,
Pacific,太平洋,太平洋,noun,洲、国家/地区、城市名称,,,,,,,,,,,,,,,,,,,,,
Pago Pago,帕果帕果,帕哥帕哥,noun,洲、国家/地区、城市名称,,,,,,,,,,,,,,,,,,,,,
Palau,帕劳,帛琉,noun,洲、国家/地区、城市名称,,,,,,,,,,,,,,,,,,,,,
Palmer,帕尔默,帕,noun,洲、国家/地区、城市名称,,,,,,,,,,,,,,,,,,,,,
Panama,巴拿马,巴拿R,noun,洲、国家/地区、城市名称,,,,,,,,,,,,,,,,,,,,,
Pangnirtung,庞纳通,皮{唐,noun,洲、国家/地区、城市名称,,,,,,,,,,,,,,,,,,,,,
Paramaribo,帕拉马里博,巴拉R利波,noun,洲、国家/地区、城市名称,,,,,,,,,,,,,,,,,,,,,
Paris,巴黎,巴黎,noun,洲、国家/地区、城市名称,,,,,,,,,,,,,,,,,,,,,
Perth,珀斯,伯斯,noun,洲、国家/地区、城市名称,,,,,,,,,,,,,,,,,,,,,
Petersburg,圣彼得堡,}彼得堡,noun,洲、国家/地区、城市名称,,,,,,,,,,,,,,,,,,,,,
Phnom Penh,金边,金,noun,洲、国家/地区、城市名称,,,,,,,,,,,,,,,,,,,,,
Phoenix,菲尼克斯,P凰城,noun,洲、国家/地区、城市名称,,,,,,,,,,,,,,,,,,,,,
Pitcairn,皮特凯恩,皮特康群u,noun,洲、国家/地区、城市名称,,,,,,,,,,,,,,,,,,,,,
Podgorica,波德戈里察,波德戈里察,noun,洲、国家/地区、城市名称,,,,,,,,,,,,,,,,,,,,,
Pohnpei,波纳佩岛,波{佩u,noun,洲、国家/地区、城市名称,,,,,,,,,,,,,,,,,,,,,
Ponape,波纳佩岛,波{佩u,noun,洲、国家/地区、城市名称,,,,,,,,,,,,,,,,,,,,,
Pontianak,坤甸,坤甸,noun,洲、国家/地区、城市名称,,,,,,,,,,,,,,,,,,,,,
Port Moresby,莫尔兹比港,莫斯港,noun,洲、国家/地区、城市名称,,,,,,,,,,,,,,,,,,,,,
Port of Spain,西班牙港,西班牙港,noun,洲、国家/地区、城市名称,,,,,,,,,,,,,,,,,,,,,
Port-au-Prince,太子港,太子港,noun,洲、国家/地区、城市名称,,,,,,,,,,,,,,,,,,,,,
Porto Acre,阿卡港,克港,noun,洲、国家/地区、城市名称,,,,,,,,,,,,,,,,,,,,,
Porto Velho,韦柳港,f柳港,noun,洲、国家/地区、城市名称,,,,,,,,,,,,,,,,,,,,,
Porto-Novo,波多诺伏港,新港,noun,洲、国家/地区、城市名称,,,,,,,,,,,,,,,,,,,,,
Prague,布拉格,布拉格,noun,洲、国家/地区、城市名称,,,,,,,,,,,,,,,,,,,,,
Puerto Rico,波多黎各,波多黎各,noun,洲、国家/地区、城市名称,,,,,,,,,,,,,,,,,,,,,
Punta Arenas,蓬塔阿雷纳斯,蓬塔阿雷{斯,noun,洲、国家/地区、城市名称,,,,,,,,,,,,,,,,,,,,,
Pyongyang,平壤,平壤,noun,洲、国家/地区、城市名称,,,,,,,,,,,,,,,,,,,,,
Qatar,卡塔尔,卡_,noun,洲、国家/地区、城市名称,,,,,,,,,,,,,,,,,,,,,
Qostanay,库斯塔奈,焖顾奈,noun,洲、国家/地区、城市名称,,,,,,,,,,,,,,,,,,,,,
Queensland,昆士兰州,昆士m省,noun,洲、国家/地区、城市名称,,,,,,,,,,,,,,,,,,,,,
Qyzylorda,克孜勒奥尔达,克孜勒W_,noun,洲、国家/地区、城市名称,,,,,,,,,,,,,,,,,,,,,
Rainy River,雷尼河区,雷尼河^,noun,洲、国家/地区、城市名称,,,,,,,,,,,,,,,,,,,,,
Rangoon,仰光,仰光,noun,洲、国家/地区、城市名称,,,,,,,,,,,,,,,,,,,,,
Rankin Inlet,兰金因莱特,m金音R特,noun,洲、国家/地区、城市名称,,,,,,,,,,,,,,,,,,,,,
Rarotonga,拉罗汤加岛,拉洛|加u,noun,洲、国家/地区、城市名称,,,,,,,,,,,,,,,,,,,,,
Recife,累西腓,累西腓,noun,洲、国家/地区、城市名称,,,,,,,,,,,,,,,,,,,,,
Regina,里贾纳,雷吉{,noun,洲、国家/地区、城市名称,,,,,,,,,,,,,,,,,,,,,
Resolute,雷索卢特,努{武特,noun,洲、国家/地区、城市名称,,,,,,,,,,,,,,,,,,,,,
Reunion,留尼汪,留尼旺,noun,洲、国家/地区、城市名称,,,,,,,,,,,,,,,,,,,,,
Reykjavik,雷克雅未克,雷克雅S克,noun,洲、国家/地区、城市名称,,,,,,,,,,,,,,,,,,,,,
Riga,里加,里加,noun,洲、国家/地区、城市名称,,,,,,,,,,,,,,,,,,,,,
Rio Branco,里奥布兰科,里s布m科,noun,洲、国家/地区、城市名称,,,,,,,,,,,,,,,,,,,,,
Rio Gallegos,里奥加耶戈斯,里W加耶戈斯,noun,洲、国家/地区、城市名称,,,,,,,,,,,,,,,,,,,,,
Riyadh,利雅得,利雅德,noun,洲、国家/地区、城市名称,,,,,,,,,,,,,,,,,,,,,
Rome,罗马,_R,noun,洲、国家/地区、城市名称,,,,,,,,,,,,,,,,,,,,,
Rosario,罗萨里奥,_沙略,noun,洲、国家/地区、城市名称,,,,,,,,,,,,,,,,,,,,,
Rothera,罗瑟拉,_瑟拉站,noun,洲、国家/地区、城市名称,,,,,,,,,,,,,,,,,,,,,
Saigon,西贡,胡志明市,noun,洲、国家/地区、城市名称,,,,,,,,,,,,,,,,,,,,,
Saipan,塞班岛,塞班u,noun,洲、国家/地区、城市名称,,,,,,,,,,,,,,,,,,,,,
Sakhalin,萨哈林岛,祉u,noun,洲、国家/地区、城市名称,,,,,,,,,,,,,,,,,,,,,
Salta,萨尔塔,_塔,noun,洲、国家/地区、城市名称,,,,,,,,,,,,,,,,,,,,,
Samara,萨马拉,沙R拉,noun,洲、国家/地区、城市名称,,,,,,,,,,,,,,,,,,,,,
Samarkand,撒马尔罕,撒R罕,noun,洲、国家/地区、城市名称,,,,,,,,,,,,,,,,,,,,,
Samoa,萨摩亚,_摩,noun,洲、国家/地区、城市名称,,,,,,,,,,,,,,,,,,,,,
San Juan,圣胡安,}胡安,noun,洲、国家/地区、城市名称,,,,,,,,,,,,,,,,,,,,,
San Luis,圣刘易斯,}路易斯,noun,洲、国家/地区、城市名称,,,,,,,,,,,,,,,,,,,,,
San Marino,圣马力诺,}R利Z,noun,洲、国家/地区、城市名称,,,,,,,,,,,,,,,,,,,,,
Santa Isabel,圣伊莎贝尔,}伊_,noun,洲、国家/地区、城市名称,,,,,,,,,,,,,,,,,,,,,
Santarem,圣塔伦,}塔,noun,洲、国家/地区、城市名称,,,,,,,,,,,,,,,,,,,,,
Santiago,圣地亚哥,}地牙哥,noun,洲、国家/地区、城市名称,,,,,,,,,,,,,,,,,,,,,
Santo Domingo,圣多明各,}多明哥,noun,洲、国家/地区、城市名称,,,,,,,,,,,,,,,,,,,,,
Sao Paulo,圣保罗,}保_,noun,洲、国家/地区、城市名称,,,,,,,,,,,,,,,,,,,,,
Sao Tome,圣多美,}多美,noun,洲、国家/地区、城市名称,,,,,,,,,,,,,,,,,,,,,
Sarajevo,萨拉热窝,塞拉耶佛,noun,洲、国家/地区、城市名称,,,,,,,,,,,,,,,,,,,,,
Saratov,萨拉托夫,_拉托夫,noun,洲、国家/地区、城市名称,,,,,,,,,,,,,,,,,,,,,
Scoresbysund,斯科斯比松,斯可比,noun,洲、国家/地区、城市名称,,,,,,,,,,,,,,,,,,,,,
Seoul,首尔,首,noun,洲、国家/地区、城市名称,,,,,,,,,,,,,,,,,,,,,
Shanghai,上海,上海,noun,洲、国家/地区、城市名称,,,,,,,,,,,,,,,,,,,,,
Shiprock,希普罗克,希普_克峰,noun,洲、国家/地区、城市名称,,,,,,,,,,,,,,,,,,,,,
Simferopol,辛菲罗波尔,欣佛洛普,noun,洲、国家/地区、城市名称,,,,,,,,,,,,,,,,,,,,,
Singapore,新加坡,新加坡,noun,洲、国家/地区、城市名称,,,,,,,,,,,,,,,,,,,,,
Sitka,锡特卡,矽地卡,noun,洲、国家/地区、城市名称,,,,,,,,,,,,,,,,,,,,,
Skopje,斯科普里,斯高彼,noun,洲、国家/地区、城市名称,,,,,,,,,,,,,,,,,,,,,
Sofia,索菲亚,索菲,noun,洲、国家/地区、城市名称,,,,,,,,,,,,,,,,,,,,,
South,南方,南澳省,noun,洲、国家/地区、城市名称,,,,,,,,,,,,,,,,,,,,,
South Georgia,南乔治亚岛,南讨,noun,洲、国家/地区、城市名称,,,,,,,,,,,,,,,,,,,,,
South Pole,南极,南O,noun,洲、国家/地区、城市名称,,,,,,,,,,,,,,,,,,,,,
Srednekolymsk,中科雷姆斯克,中科雷姆斯克,noun,洲、国家/地区、城市名称,,,,,,,,,,,,,,,,,,,,,
St Barthelemy,圣巴泰勒米岛,}巴泰勒米,noun,洲、国家/地区、城市名称,,,,,,,,,,,,,,,,,,,,,
St Helena,圣赫勒拿岛,}赫勒拿u,noun,洲、国家/地区、城市名称,,,,,,,,,,,,,,,,,,,,,
St Johns,圣约翰斯,}s翰,noun,洲、国家/地区、城市名称,,,,,,,,,,,,,,,,,,,,,
St Kitts,圣基茨,}克里斯多福,noun,洲、国家/地区、城市名称,,,,,,,,,,,,,,,,,,,,,
St Lucia,圣卢西亚,}露西,noun,洲、国家/地区、城市名称,,,,,,,,,,,,,,,,,,,,,
St Thomas,圣托马斯,}士,noun,洲、国家/地区、城市名称,,,,,,,,,,,,,,,,,,,,,
St Vincent,圣文森特,}文森,noun,洲、国家/地区、城市名称,,,,,,,,,,,,,,,,,,,,,
Stanley,斯坦利,史坦R,noun,洲、国家/地区、城市名称,,,,,,,,,,,,,,,,,,,,,
Stockholm,斯德哥尔摩,斯德哥摩,noun,洲、国家/地区、城市名称,,,,,,,,,,,,,,,,,,,,,
Sydney,悉尼,雪梨,noun,洲、国家/地区、城市名称,,,,,,,,,,,,,,,,,,,,,
Syowa,昭和,昭和站,noun,洲、国家/地区、城市名称,,,,,,,,,,,,,,,,,,,,,
Tahiti,塔希提岛,大溪地,noun,洲、国家/地区、城市名称,,,,,,,,,,,,,,,,,,,,,
Taipei,台北,台北,noun,洲、国家/地区、城市名称,,,,,,,,,,,,,,,,,,,,,
Tallinn,塔林,塔林,noun,洲、国家/地区、城市名称,,,,,,,,,,,,,,,,,,,,,
Tarawa,塔拉瓦,塔拉瓦,noun,洲、国家/地区、城市名称,,,,,,,,,,,,,,,,,,,,,
Tashkent,塔什干,塔什干,noun,洲、国家/地区、城市名称,,,,,,,,,,,,,,,,,,,,,
Tasmania,塔斯马尼亚,塔斯R尼,noun,洲、国家/地区、城市名称,,,,,,,,,,,,,,,,,,,,,
Tbilisi,第比利斯,第比利斯,noun,洲、国家/地区、城市名称,,,,,,,,,,,,,,,,,,,,,
Tegucigalpa,特古西加尔巴,德古西加巴,noun,洲、国家/地区、城市名称,,,,,,,,,,,,,,,,,,,,,
Tehran,德黑兰,德黑m,noun,洲、国家/地区、城市名称,,,,,,,,,,,,,,,,,,,,,
Tel Aviv,特拉维夫,特拉S夫,noun,洲、国家/地区、城市名称,,,,,,,,,,,,,,,,,,,,,
Tell City,特尔城,特城,noun,洲、国家/地区、城市名称,,,,,,,,,,,,,,,,,,,,,
Thimbu,廷布,辛布,noun,洲、国家/地区、城市名称,,,,,,,,,,,,,,,,,,,,,
Thimphu,廷布,辛布,noun,洲、国家/地区、城市名称,,,,,,,,,,,,,,,,,,,,,
Thule,图勒,土里u,noun,洲、国家/地区、城市名称,,,,,,,,,,,,,,,,,,,,,
Thunder Bay,桑德贝,桑德,noun,洲、国家/地区、城市名称,,,,,,,,,,,,,,,,,,,,,
Tijuana,蒂华纳,提A{,noun,洲、国家/地区、城市名称,,,,,,,,,,,,,,,,,,,,,
Timbuktu,廷巴克图,廷巴克D,noun,洲、国家/地区、城市名称,,,,,,,,,,,,,,,,,,,,,
Tirane,地拉内,地拉那,noun,洲、国家/地区、城市名称,,,,,,,,,,,,,,,,,,,,,
Tiraspol,蒂拉斯波尔,提拉斯浦,noun,洲、国家/地区、城市名称,,,,,,,,,,,,,,,,,,,,,
Tokyo,东京,|京,noun,洲、国家/地区、城市名称,,,,,,,,,,,,,,,,,,,,,
Tomsk,托木斯克,托木斯克,noun,洲、国家/地区、城市名称,,,,,,,,,,,,,,,,,,,,,
Tongatapu,汤加塔布,|加塔普,noun,洲、国家/地区、城市名称,,,,,,,,,,,,,,,,,,,,,
Toronto,多伦多,多多,noun,洲、国家/地区、城市名称,,,,,,,,,,,,,,,,,,,,,
Tortola,托尔托拉岛,托托拉,noun,洲、国家/地区、城市名称,,,,,,,,,,,,,,,,,,,,,
Tripoli,的黎波里,的黎波里,noun,洲、国家/地区、城市名称,,,,,,,,,,,,,,,,,,,,,
Troll,特罗尔站,特_站,noun,洲、国家/地区、城市名称,,,,,,,,,,,,,,,,,,,,,
Truk,特鲁克,楚克,noun,洲、国家/地区、城市名称,,,,,,,,,,,,,,,,,,,,,
Tucuman,图库曼,D炻,noun,洲、国家/地区、城市名称,,,,,,,,,,,,,,,,,,,,,
Tunis,突尼斯,突尼斯,noun,洲、国家/地区、城市名称,,,,,,,,,,,,,,,,,,,,,
Ujung Pandang,乌戎潘当,a江,noun,洲、国家/地区、城市名称,,,,,,,,,,,,,,,,,,,,,
Ulaanbaatar,乌兰巴托,跆m巴托,noun,洲、国家/地区、城市名称,,,,,,,,,,,,,,,,,,,,,
Ulan Bator,乌兰巴托,跆m巴托,noun,洲、国家/地区、城市名称,,,,,,,,,,,,,,,,,,,,,
Ulyanovsk,乌里扬诺夫斯克,趵PZ夫斯克,noun,洲、国家/地区、城市名称,,,,,,,,,,,,,,,,,,,,,
Urumqi,乌鲁木齐,豸木R,noun,洲、国家/地区、城市名称,,,,,,,,,,,,,,,,,,,,,
Ushuaia,乌斯怀亚,跛,noun,洲、国家/地区、城市名称,,,,,,,,,,,,,,,,,,,,,
Ust-Nera,乌斯季内拉,跛辜灸拉,noun,洲、国家/地区、城市名称,,,,,,,,,,,,,,,,,,,,,
Uzhgorod,乌日哥罗德,跞栈袅_德,noun,洲、国家/地区、城市名称,,,,,,,,,,,,,,,,,,,,,
Vaduz,瓦杜兹,瓦都,noun,洲、国家/地区、城市名称,,,,,,,,,,,,,,,,,,,,,
Vancouver,温哥华,馗缛A,noun,洲、国家/地区、城市名称,,,,,,,,,,,,,,,,,,,,,
Vevay,韦韦,ff,noun,洲、国家/地区、城市名称,,,,,,,,,,,,,,,,,,,,,
Victoria,维多利亚,S多利省,noun,洲、国家/地区、城市名称,,,,,,,,,,,,,,,,,,,,,
Vienna,维也纳,S也{,noun,洲、国家/地区、城市名称,,,,,,,,,,,,,,,,,,,,,
Vientiane,万象,永珍,noun,洲、国家/地区、城市名称,,,,,,,,,,,,,,,,,,,,,
Vilnius,维尔纽斯,S~斯,noun,洲、国家/地区、城市名称,,,,,,,,,,,,,,,,,,,,,
Vincennes,万塞讷,森斯,noun,洲、国家/地区、城市名称,,,,,,,,,,,,,,,,,,,,,
Virgin,维京群岛,S京群u,noun,洲、国家/地区、城市名称,,,,,,,,,,,,,,,,,,,,,
Vladivostok,海参崴,海⑨,noun,洲、国家/地区、城市名称,,,,,,,,,,,,,,,,,,,,,
Volgograd,伏尔加格勒,伏加格勒,noun,洲、国家/地区、城市名称,,,,,,,,,,,,,,,,,,,,,
Vostok,沃斯托克,弗斯托克,noun,洲、国家/地区、城市名称,,,,,,,,,,,,,,,,,,,,,
Wake,威克岛,威克u,noun,洲、国家/地区、城市名称,,,,,,,,,,,,,,,,,,,,,
Wallis,沃利斯,瓦利斯,noun,洲、国家/地区、城市名称,,,,,,,,,,,,,,,,,,,,,
Warsaw,华沙,A沙,noun,洲、国家/地区、城市名称,,,,,,,,,,,,,,,,,,,,,
West,西方,西澳省,noun,洲、国家/地区、城市名称,,,,,,,,,,,,,,,,,,,,,
Whitehorse,怀特霍斯,白R,noun,洲、国家/地区、城市名称,,,,,,,,,,,,,,,,,,,,,
Winamac,维纳马克,威{R克,noun,洲、国家/地区、城市名称,,,,,,,,,,,,,,,,,,,,,
Windhoek,温得和克,赝驴,noun,洲、国家/地区、城市名称,,,,,,,,,,,,,,,,,,,,,
Winnipeg,温尼伯,啬岚,noun,洲、国家/地区、城市名称,,,,,,,,,,,,,,,,,,,,,
Yakutat,雅库塔特,焖特,noun,洲、国家/地区、城市名称,,,,,,,,,,,,,,,,,,,,,
Yakutsk,雅库茨克,雅齑目,noun,洲、国家/地区、城市名称,,,,,,,,,,,,,,,,,,,,,
Yancowinna,扬科温纳,P科S{,noun,洲、国家/地区、城市名称,,,,,,,,,,,,,,,,,,,,,
Yangon,仰光,仰光,noun,洲、国家/地区、城市名称,,,,,,,,,,,,,,,,,,,,,
Yap,雅浦岛,雅浦u,noun,洲、国家/地区、城市名称,,,,,,,,,,,,,,,,,,,,,
Yekaterinburg,叶卡捷琳堡,耶卡特伯格,noun,洲、国家/地区、城市名称,,,,,,,,,,,,,,,,,,,,,
Yellowknife,耶洛奈夫,耶洛奈夫,noun,洲、国家/地区、城市名称,,,,,,,,,,,,,,,,,,,,,
Yerevan,埃里温,~里,noun,洲、国家/地区、城市名称,,,,,,,,,,,,,,,,,,,,,
Zagreb,萨格勒布,札格雷布,noun,洲、国家/地区、城市名称,,,,,,,,,,,,,,,,,,,,,
Zaporozhye,扎波罗热,札波_Y,noun,洲、国家/地区、城市名称,,,,,,,,,,,,,,,,,,,,,
Zulu,祖鲁语,祖,noun,洲、国家/地区、城市名称,,,,,,,,,,,,,,,,,,,,,
Zurich,苏黎世,K黎世,noun,洲、国家/地区、城市名称,,,,,,,,,,,,,,,,,,,,,
Earthly Branch,地支,地支,noun,,,,,,,,,,,,,,,,,,,,,,
Falkland Islands,福克兰群岛,福克m群u,noun,,,,,,,,,,,,,,,,,,,,,,
Holy See,梵蒂冈,梵蒂,noun,,,,,,,,,,,,,,,,,,,,,,
Korea (the Democratic People's Republic of),朝鲜（民主主义人民共和国）,朝r,noun,,,,,,,,,,,,,,,,,,,,,,
Korea (the Republic of),韩国（共和国）,n,noun,,,,,,,,,,,,,,,,,,,,,,
language pack,语言包,Z言套件,noun,,,,,,,,,,,,,,,,,,,,,,
Lao,老挝,寮,noun,,,,,,,,,,,,,,,,,,,,,,
Lao People's Democratic Republi,老挝人民民主共和国,寮,noun,,,,,,,,,,,,,,,,,,,,,,
Laos,老挝,寮,noun,,,,,,,,,,,,,,,,,,,,,,
LHI,罗豪岛,_豪u,noun,,,,,,,,,,,,,,,,,,,,,,
Lome,洛美,洛梅,noun,,,,,,,,,,,,,,,,,,,,,,
Malvinas,马尔维纳斯,RS{斯,noun,,,,,,,,,,,,,,,,,,,,,,
South Korean,韩国,n,noun,,,,,,,,,,,,,,,,,,,,,,
United Kingdom,英国,英,noun,,,,,,,,,,,,,,,,,,,,,,
United Kingdom of Great Britain and Northern Ireland,大不列颠及北爱尔兰联合王国,大不列及北m合王,noun,,,,,,,,,,,,,,,,,,,,,,
United Kingdom of Great Britain and Northern Ireland,英国,英,noun,,,,,,,,,,,,,,,,,,,,,,
United States,美国,美,noun,,,,,,,,,,,,,,,,,,,,,,
United States of America,美国,美,noun,,,,,,,,,,,,,,,,,,,,,,
